{"depth": [0, 0, 0, 0, 0, 0, 0, 0, 0, 0, 3, 0, 0, 4, 6, 0, 0, 0, 0, 0, 0, 0, 0, 0, 0, 0, 0, 0, 0, 0, 0, 0, 0, 0, 0, 0, 5, 0, 5, 0, 0, 0, 0, 0, 0, 4, 3, 0, 0, 7, 0, 0, 0, 0, 0, 0, 0, 0, 0, 0, 0, 0, 0, 1, 0, 0, 1, 0, 0, 0, 0, 0, 0, 0, 0, 0, 0, 0, 0, 0, 0, 0, 0, 1, 0, 0, 0, 0, 0, 0, 1, 0, 0, 0, 0, 0, 0, 0, 0, 7, 0, 8, 0, 0, 0, 0, 0, 1, 0, 0, 0, 0, 0, 0, 0, 0, 0, 7, 0, 0, 0, 1, 0, 0, 0, 0, 0, 0, 0, 0, 0, 0, 0, 0, 0, 0, 0, 0], "linksfail": [0, 0, 0, 0, 0, 4, 4, 4, 4, 4, 4, 4, 6, 6, 8, 8, 8, 8, 8, 8, 8, 17, 17, 17, 17, 17, 17, 17, 17, 17, 25, 25, 25, 25, 25, 25, 25, 25, 25, 25, 25, 25, 25, 25, 38, 38, 47, 47, 47, 47, 47, 55, 55, 55, 58, 58, 58, 58, 58, 58, 58, 58, 58, 58, 58, 58, 58, 58, 58, 58, 58, 58, 58, 58, 58, 58, 58, 58, 58, 58, 58, 58, 58, 58, 58, 58, 58, 58, 58, 58, 60, 71, 71, 71, 71, 71, 71, 71, 74, 74, 74, 74, 74, 74, 74, 74, 74, 74, 74, 74, 74, 79, 79, 79, 81, 81, 84, 84, 89, 89, 89, 89, 89, 89, 89, 93, 93, 93, 93, 93, 93, 93, 93, 93, 93, 93, 93, 93, 93], "mandfail": [0, 0, 0, 0, 0, 0, 0, 0, 0, 0, 0, 0, 0, 0, 0, 0, 0, 0, 0, 0, 0, 0, 0, 0, 0, 0, 0, 0, 0, 0, 0, 0, 0, 0, 0, 0, 0, 0, 0, 0, 0, 0, 0, 0, 0, 0, 0, 0, 0, 0, 0, 0, 0, 0, 0, 0, 0, 0, 0, 0, 0, 0, 0, 0, 0, 0, 0, 0, 0, 0, 0, 0, 0, 0, 0, 0, 0, 0, 0, 0, 0, 0, 0, 0, 0, 0, 0, 0, 0, 0, 0, 0, 0, 0, 0, 0, 0, 0, 0, 0, 0, 0, 0, 0, 0, 0, 0, 0, 0, 0, 0, 0, 0, 0, 0, 0, 0, 0, 0, 0, 0, 0, 0, 0, 0, 0, 0, 0, 0, 0, 0, 0, 0, 0, 0, 0, 0, 0, 0], "avgdepth": 0.47101449275362317, "maxmeandepth": 2.159543383093978, "indegree": [2, 2, 0, 14, 0, 2, 3, 1, 1, 3, 2, 7, 13, 3, 6, 2, 6, 4, 3, 5, 4, 7, 5, 5, 4, 5, 3, 2, 4, 4, 2, 4, 2, 1, 5, 6, 1, 2, 2, 1, 1, 1, 1, 1, 1, 4, 1, 0, 0, 1, 0, 0, 0, 0, 1, 0, 0, 0, 0, 0, 2, 2, 0, 0, 2, 0, 1, 0, 0, 0, 0, 0, 1, 0, 0, 0, 1, 0, 1, 0, 0, 0, 0, 0, 0, 0, 0, 1, 0, 0, 0, 2, 1, 0, 0, 0, 0, 0, 0, 0, 1, 0, 0, 0, 0, 0, 0, 0, 0, 0, 0, 0, 0, 0, 0, 0, 0, 0, 0, 0, 0, 0, 0, 0, 0, 0, 0, 0, 0, 0, 0, 0, 0, 0, 0, 0, 0, 0], "meandepth": [0.0, 0.0, 0.0, 0.0, 0.0, 0.0, 0.0, 0.0, 0.0, 0.0, 1.0582010582010584, 0.0, 0.0, 1.094083694083694, 1.0967643899310566, 0.0, 0.0, 0.0, 0.0, 0.0, 0.0, 0.0, 0.0, 0.0, 0.0, 0.0, 0.0, 0.0, 0.0, 0.0, 0.0, 0.0, 0.0, 0.0, 0.0, 0.0, 1.451465848965849, 0.0, 1.1287633477633476, 0.0, 0.0, 0.0, 0.0, 0.0, 0.0, 1.1725694444444443, 1.1587301587301586, 0.0, 0.0, 1.1465173217435123, 0.0, 0.0, 0.0, 0.0, 0.0, 0.0, 0.0, 0.0, 0.0, 0.0, 0.0, 0.0, 0.0, 1.0, 0.0, 0.0, 1.0, 0.0, 0.0, 0.0, 0.0, 0.0, 0.0, 0.0, 0.0, 0.0, 0.0, 0.0, 0.0, 0.0, 0.0, 0.0, 0.0, 1.0, 0.0, 0.0, 0.0, 0.0, 0.0, 0.0, 1.0, 0.0, 0.0, 0.0, 0.0, 0.0, 0.0, 0.0, 0.0, 1.1226306813409987, 0.0, 1.2898858457734945, 0.0, 0.0, 0.0, 0.0, 0.0, 1.0, 0.0, 0.0, 0.0, 0.0, 0.0, 0.0, 0.0, 0.0, 0.0, 1.2759190330172472, 0.0, 0.0, 0.0, 1.0, 0.0, 0.0, 0.0, 0.0, 0.0, 0.0, 0.0, 0.0, 0.0, 0.0, 0.0, 0.0, 0.0, 0.0, 0.0, 0.0], "nodesremoved": [0, 1, 2, 3, 4, 5, 6, 7, 8, 9, 10, 11, 12, 13, 14, 15, 16, 17, 18, 19, 20, 21, 22, 23, 24, 25, 26, 27, 28, 29, 30, 31, 32, 33, 34, 35, 36, 37, 38, 39, 40, 41, 42, 43, 44, 45, 46, 47, 48, 49, 50, 51, 52, 53, 54, 55, 56, 57, 58, 59, 60, 61, 62, 63, 64, 65, 66, 67, 68, 69, 70, 71, 72, 73, 74, 75, 76, 77, 78, 79, 80, 81, 82, 83, 84, 85, 86, 87, 88, 89, 90, 91, 92, 93, 94, 95, 96, 97, 98, 99, 100, 101, 102, 103, 104, 105, 106, 107, 108, 109, 110, 111, 112, 113, 114, 115, 116, 117, 118, 119, 120, 121, 122, 123, 124, 125, 126, 127, 128, 129, 130, 131, 132, 133, 134, 135, 136, 137, 138], "nodesfail": [0, 1, 2, 3, 4, 5, 6, 7, 8, 9, 10, 11, 12, 13, 14, 15, 16, 17, 18, 19, 20, 21, 22, 23, 24, 25, 26, 27, 28, 29, 30, 31, 32, 33, 34, 35, 36, 37, 38, 39, 40, 41, 42, 43, 44, 45, 46, 47, 48, 49, 50, 51, 52, 53, 54, 55, 56, 57, 58, 59, 60, 61, 62, 63, 64, 65, 66, 67, 68, 69, 70, 71, 72, 73, 74, 75, 76, 77, 78, 79, 80, 81, 82, 83, 84, 85, 86, 87, 88, 89, 90, 91, 92, 93, 94, 95, 96, 97, 98, 99, 100, 101, 102, 103, 104, 105, 106, 107, 108, 109, 110, 111, 112, 113, 114, 115, 116, 117, 118, 119, 120, 121, 122, 123, 124, 125, 126, 127, 128, 129, 130, 131, 132, 133, 134, 135, 136, 137, 138], "outdegree": [0, 0, 0, 0, 0, 0, 0, 0, 0, 0, 18, 0, 0, 22, 15, 0, 0, 0, 0, 0, 0, 0, 0, 0, 0, 0, 0, 0, 0, 0, 0, 0, 0, 0, 0, 0, 10, 0, 25, 0, 0, 0, 0, 0, 0, 18, 7, 0, 0, 15, 0, 0, 0, 0, 0, 0, 0, 0, 0, 0, 0, 0, 0, 3, 0, 0, 3, 0, 0, 0, 0, 0, 0, 0, 0, 0, 0, 0, 0, 0, 0, 0, 0, 5, 0, 0, 0, 0, 0, 0, 5, 0, 0, 0, 0, 0, 0, 0, 0, 9, 0, 8, 0, 0, 0, 0, 0, 3, 0, 0, 0, 0, 0, 0, 0, 0, 0, 4, 0, 0, 0, 5, 0, 0, 0, 0, 0, 0, 0, 0, 0, 0, 0, 0, 0, 0, 0, 0], "linkscreated": [145, 145, 145, 145, 145, 145, 145, 145, 145, 145, 145, 145, 145, 145, 145, 145, 145, 145, 145, 145, 145, 145, 145, 145, 145, 145, 145, 145, 145, 145, 145, 145, 145, 145, 145, 145, 145, 145, 145, 145, 145, 145, 145, 145, 145, 145, 145, 145, 145, 145, 145, 145, 145, 145, 145, 145, 145, 145, 145, 145, 145, 145, 145, 145, 145, 145, 145, 145, 145, 145, 145, 145, 145, 145, 145, 145, 145, 145, 145, 145, 145, 145, 145, 145, 145, 145, 145, 145, 145, 145, 145, 145, 145, 145, 145, 145, 145, 145, 145, 145, 145, 145, 145, 145, 145, 145, 145, 145, 145, 145, 145, 145, 145, 145, 145, 145, 145, 145, 145, 145, 145, 145, 145, 145, 145, 145, 145, 145, 145, 145, 145, 145, 145, 145, 145, 145, 145, 145, 145], "maxoutdegree": 25, "snapshot": {"0": [true, [], [13, 99], [], {}], "1": [true, [], [10, 49], [], {}], "2": [true, [], [], [], {}], "3": [true, [], [13, 10, 45, 38, 46, 36, 49, 63, 66, 83, 90, 101, 107, 121], [], {}], "4": [true, [], [], [], {}], "5": [true, [], [38, 49], [], {}], "6": [true, [], [45, 46, 36], [], {}], "7": [true, [], [13], [], {}], "8": [true, [], [38], [], {}], "9": [true, [], [14, 13, 10], [], {}], "10": [true, [3, 11, 12, 18, 31, 1, 13, 26, 19, 21, 33, 32, 34, 35, 9, 16, 23, 27], [13, 36], [[3, 11, 12, 18, 31, 1, 16], [13, 26, 19, 21, 33, 32, 23, 27], [34, 35, 9]], {"32": [1, 5], "1": [0, 5], "34": [2, 0], "3": [0, 0], "19": [1, 2], "33": [1, 4], "9": [2, 2], "11": [0, 1], "12": [0, 2], "13": [1, 0], "16": [0, 6], "18": [0, 3], "35": [2, 1], "21": [1, 3], "23": [1, 6], "26": [1, 1], "27": [1, 7], "31": [0, 4]}], "11": [true, [], [10, 45, 46, 36, 66, 14, 99], [], {}], "12": [true, [], [10, 45, 38, 46, 36, 49, 63, 66, 83, 90, 107, 117, 121], [], {}], "13": [true, [14, 9, 26, 15, 16, 17, 18, 27, 28, 29, 21, 30, 31, 22, 23, 24, 25, 32, 7, 0, 3, 10], [10, 38, 49], [[14, 9, 26, 15, 16, 17, 18, 27, 28, 29, 21, 30, 31, 22, 23, 24, 25, 32, 7, 0, 3, 10]], {"0": [0, 19], "3": [0, 20], "7": [0, 18], "9": [0, 1], "10": [0, 21], "14": [0, 0], "15": [0, 3], "16": [0, 4], "17": [0, 5], "18": [0, 6], "21": [0, 10], "22": [0, 13], "23": [0, 14], "24": [0, 15], "25": [0, 16], "26": [0, 2], "27": [0, 7], "28": [0, 8], "29": [0, 9], "30": [0, 11], "31": [0, 12], "32": [0, 17]}], "14": [true, [9, 15, 16, 17, 18, 19, 20, 21, 22, 23, 24, 25, 36, 11, 92], [13, 45, 38, 99, 49, 117], [[9, 15, 16, 17, 18, 19, 20, 21, 22, 23, 24, 25, 36, 11, 92]], {"36": [0, 12], "9": [0, 0], "11": [0, 13], "15": [0, 1], "16": [0, 2], "17": [0, 3], "18": [0, 4], "19": [0, 5], "20": [0, 6], "21": [0, 7], "22": [0, 8], "23": [0, 9], "24": [0, 10], "25": [0, 11], "92": [0, 14]}], "15": [true, [], [14, 13], [], {}], "16": [true, [], [14, 13, 10, 45, 99, 101], [], {}], "17": [true, [], [14, 13, 45, 101], [], {}], "18": [true, [], [14, 13, 10], [], {}], "19": [true, [], [14, 10, 38, 49, 90], [], {}], "20": [true, [], [14, 38, 45, 36], [], {}], "21": [true, [], [14, 13, 10, 38, 49, 63, 121], [], {}], "22": [true, [], [14, 13, 38, 83, 90], [], {}], "23": [true, [], [14, 13, 10, 45, 121], [], {}], "24": [true, [], [14, 13, 38, 45], [], {}], "25": [true, [], [14, 13, 49, 45, 38], [], {}], "26": [true, [], [13, 10, 38], [], {}], "27": [true, [], [13, 10], [], {}], "28": [true, [], [13, 45, 49, 107], [], {}], "29": [true, [], [13, 46, 45, 117], [], {}], "30": [true, [], [13, 46], [], {}], "31": [true, [], [13, 10, 38, 49], [], {}], "32": [true, [], [13, 10], [], {}], "33": [true, [], [10], [], {}], "34": [true, [], [10, 45, 38, 49, 83], [], {}], "35": [true, [], [10, 45, 38, 49, 83, 101], [], {}],