{"depth": [0, 0, 0, 0, 0, 0, 0, 0, 0, 0, 3, 0, 0, 2, 1, 0, 0, 0, 0, 0, 0, 0, 0, 0, 0, 0, 0, 0, 0, 0, 0, 0, 0, 0, 0, 0, 4, 0, 2, 0, 0, 0, 0, 0, 0, 1, 2, 0, 0, 3, 0, 0, 0, 0, 0, 0, 0, 0, 0, 0, 0, 0, 0, 1, 0, 0, 1, 0, 0, 0, 0, 0, 0, 0, 0, 0, 0, 0, 0, 0, 0, 0, 0, 1, 0, 0, 0, 0, 0, 0, 1, 0, 0, 0, 0, 0, 0, 0, 0, 2, 0, 4, 0, 0, 0, 0, 0, 1, 0, 0, 0, 0, 0, 0, 0, 0, 0, 1, 0, 0, 0, 1, 0, 0, 0, 0, 0, 0, 0, 0, 0, 0, 0, 0, 0, 0, 0, 0], "linksfail": [0, 5, 5, 5, 5, 5, 5, 5, 5, 5, 5, 6, 8, 8, 8, 8, 8, 8, 8, 8, 8, 8, 8, 8, 10, 10, 11, 18, 18, 18, 18, 18, 18, 18, 18, 18, 20, 20, 20, 20, 20, 30, 30, 30, 30, 30, 30, 30, 35, 35, 35, 35, 36, 36, 36, 44, 44, 44, 44, 44, 44, 44, 44, 44, 44, 44, 44, 44, 44, 44, 44, 44, 44, 44, 44, 44, 44, 44, 44, 44, 44, 44, 44, 44, 44, 44, 57, 57, 57, 57, 57, 57, 57, 57, 57, 57, 59, 59, 59, 59, 59, 59, 59, 62, 62, 62, 62, 62, 62, 62, 62, 62, 62, 62, 62, 62, 63, 63, 63, 63, 63, 63, 63, 63, 63, 63, 63, 63, 63, 63, 63, 63, 63, 63, 63, 63, 63, 68], "mandfail": [0, 0, 0, 0, 0, 0, 0, 0, 0, 0, 0, 0, 0, 0, 0, 0, 0, 0, 0, 0, 0, 0, 0, 0, 0, 0, 0, 0, 0, 0, 0, 0, 0, 0, 0, 0, 0, 0, 0, 0, 0, 0, 0, 0, 0, 0, 0, 0, 0, 0, 0, 0, 1, 1, 1, 2, 2, 2, 2, 2, 2, 2, 2, 2, 2, 2, 2, 2, 2, 2, 2, 2, 2, 2, 2, 2, 2, 2, 2, 2, 2, 2, 2, 2, 2, 2, 2, 2, 2, 2, 2, 2, 2, 2, 2, 2, 2, 2, 2, 2, 2, 2, 2, 2, 2, 2, 2, 2, 2, 2, 2, 2, 2, 2, 2, 2, 2, 2, 2, 2, 2, 2, 2, 2, 2, 2, 2, 2, 2, 2, 2, 2, 2, 2, 2, 2, 2, 2], "avgdepth": 0.2246376811594203, "maxmeandepth": 2.1166666666666667, "indegree": [4, 1, 0, 12, 0, 2, 4, 0, 0, 2, 1, 6, 13, 1, 3, 3, 2, 2, 4, 5, 3, 5, 4, 2, 4, 2, 3, 2, 1, 1, 1, 3, 4, 2, 6, 5, 0, 2, 1, 1, 1, 3, 1, 1, 1, 3, 1, 1, 0, 1, 0, 0, 0, 0, 0, 0, 0, 0, 0, 0, 0, 0, 0, 0, 1, 0, 0, 0, 0, 0, 0, 0, 0, 0, 0, 0, 0, 0, 1, 0, 0, 0, 0, 0, 0, 0, 0, 0, 0, 0, 0, 1, 0, 0, 0, 0, 0, 0, 0, 1, 0, 0, 0, 0, 0, 0, 0, 0, 0, 0, 0, 0, 0, 0, 0, 0, 0, 0, 0, 0, 0, 0, 0, 0, 0, 0, 0, 0, 0, 0, 0, 0, 0, 0, 0, 0, 0, 0], "meandepth": [0.0, 0.0, 0.0, 0.0, 0.0, 0.0, 0.0, 0.0, 0.0, 0.0, 1.0753968253968256, 0.0, 0.0, 1.0526315789473684, 1.0, 0.0, 0.0, 0.0, 0.0, 0.0, 0.0, 0.0, 0.0, 0.0, 0.0, 0.0, 0.0, 0.0, 0.0, 0.0, 0.0, 0.0, 0.0, 0.0, 0.0, 0.0, 1.4362353347135957, 0.0, 1.08, 0.0, 0.0, 0.0, 0.0, 0.0, 0.0, 1.0, 1.2, 0.0, 0.0, 1.1166666666666667, 0.0, 0.0, 0.0, 0.0, 0.0, 0.0, 0.0, 0.0, 0.0, 0.0, 0.0, 0.0, 0.0, 1.0, 0.0, 0.0, 1.0, 0.0, 0.0, 0.0, 0.0, 0.0, 0.0, 0.0, 0.0, 0.0, 0.0, 0.0, 0.0, 0.0, 0.0, 0.0, 0.0, 1.0, 0.0, 0.0, 0.0, 0.0, 0.0, 0.0, 1.0, 0.0, 0.0, 0.0, 0.0, 0.0, 0.0, 0.0, 0.0, 1.1666666666666667, 0.0, 1.2791666666666668, 0.0, 0.0, 0.0, 0.0, 0.0, 1.0, 0.0, 0.0, 0.0, 0.0, 0.0, 0.0, 0.0, 0.0, 0.0, 1.0, 0.0, 0.0, 0.0, 1.0, 0.0, 0.0, 0.0, 0.0, 0.0, 0.0, 0.0, 0.0, 0.0, 0.0, 0.0, 0.0, 0.0, 0.0, 0.0, 0.0], "nodesremoved": [0, 1, 2, 3, 4, 5, 6, 7, 8, 9, 10, 11, 12, 13, 14, 15, 16, 17, 18, 19, 20, 21, 22, 23, 24, 25, 26, 27, 28, 29, 30, 31, 32, 33, 34, 35, 36, 37, 38, 39, 40, 41, 42, 43, 44, 45, 46, 47, 48, 49, 50, 51, 52, 53, 54, 55, 56, 57, 58, 59, 60, 61, 62, 63, 64, 65, 66, 67, 68, 69, 70, 71, 72, 73, 74, 75, 76, 77, 78, 79, 80, 81, 82, 83, 84, 85, 86, 87, 88, 89, 90, 91, 92, 93, 94, 95, 96, 97, 98, 99, 100, 101, 102, 103, 104, 105, 106, 107, 108, 109, 110, 111, 112, 113, 114, 115, 116, 117, 118, 119, 120, 121, 122, 123, 124, 125, 126, 127, 128, 129, 130, 131, 132, 133, 134, 135, 136, 137], "nodesfail": [0, 1, 2, 3, 4, 5, 6, 7, 8, 9, 10, 11, 12, 13, 14, 15, 16, 17, 18, 19, 20, 21, 22, 23, 24, 25, 26, 27, 28, 29, 30, 31, 32, 33, 34, 35, 36, 37, 38, 39, 40, 41, 42, 43, 44, 45, 46, 47, 48, 49, 50, 51, 52, 53, 54, 56, 57, 58, 59, 60, 61, 62, 63, 64, 65, 66, 67, 68, 69, 70, 71, 72, 73, 74, 75, 76, 77, 78, 79, 80, 81, 82, 83, 84, 85, 86, 87, 88, 89, 90, 91, 92, 93, 94, 95, 96, 97, 98, 99, 100, 101, 102, 103, 104, 105, 106, 107, 108, 109, 110, 111, 112, 113, 114, 115, 116, 117, 118, 119, 120, 121, 122, 123, 124, 125, 126, 127, 128, 129, 130, 131, 132, 133, 134, 135, 136, 137, 138], "outdegree": [0, 0, 0, 0, 0, 0, 0, 0, 0, 0, 14, 0, 0, 19, 12, 0, 0, 0, 0, 0, 0, 0, 0, 0, 0, 0, 0, 0, 0, 0, 0, 0, 0, 0, 0, 0, 10, 0, 25, 0, 0, 0, 0, 0, 0, 9, 5, 0, 0, 10, 0, 0, 0, 0, 0, 0, 0, 0, 0, 0, 0, 0, 0, 2, 0, 0, 4, 0, 0, 0, 0, 0, 0, 0, 0, 0, 0, 0, 0, 0, 0, 0, 0, 4, 0, 0, 0, 0, 0, 0, 3, 0, 0, 0, 0, 0, 0, 0, 0, 6, 0, 4, 0, 0, 0, 0, 0, 2, 0, 0, 0, 0, 0, 0, 0, 0, 0, 2, 0, 0, 0, 3, 0, 0, 0, 0, 0, 0, 0, 0, 0, 0, 0, 0, 0, 0, 0, 0], "linkscreated": [104, 104, 104, 104, 104, 104, 104, 104, 104, 104, 104, 104, 104, 104, 104, 104, 104, 104, 104, 104, 104, 104, 104, 104, 104, 104, 104, 104, 104, 104, 104, 104, 104, 104, 104, 104, 104, 104, 104, 104, 104, 104, 104, 104, 104, 104, 104, 104, 104, 104, 104, 104, 104, 104, 104, 104, 104, 104, 104, 104, 104, 104, 104, 104, 104, 104, 104, 104, 104, 104, 104, 104, 104, 104, 104, 104, 104, 104, 104, 104, 104, 104, 104, 104, 104, 104, 104, 104, 104, 104, 104, 104, 104, 104, 104, 104, 104, 104, 104, 104, 104, 104, 104, 104, 104, 104, 104, 104, 104, 104, 104, 104, 104, 104, 104, 104, 104, 104, 104, 104, 104, 104, 104, 104, 104, 104, 104, 104, 104, 104, 104, 104, 104, 104, 104, 104, 104, 104], "maxoutdegree": 25, "snapshot": {"0": [true, [], [38, 66, 90, 99], [], {}], "1": [true, [], [49], [], {}], "2": [true, [], [], [], {}], "3": [true, [], [10, 45, 38, 46, 36, 49, 63, 66, 83, 90, 107, 121], [], {}], "4": [true, [], [], [], {}], "5": [true, [], [38, 49], [], {}], "6": [true, [], [45, 46, 36, 38], [], {}], "7": [true, [], [], [], {}], "8": [true, [], [], [], {}], "9": [true, [], [14, 13], [], {}], "10": [true, [3, 11, 12, 13, 26, 18, 19, 21, 33, 32, 34, 35, 20, 24], [36], [[3, 11, 12, 20], [13, 26, 18, 19, 21, 33, 32, 24], [34, 35]], {"32": [1, 6], "33": [1, 5], "34": [2, 0], "3": [0, 0], "19": [1, 3], "11": [0, 1], "12": [0, 2], "13": [1, 0], "18": [1, 2], "35": [2, 1], "20": [0, 3], "21": [1, 4], "24": [1, 7], "26": [1, 1]}], "11": [true, [], [10, 45, 46, 36, 66, 99], [], {}], "12": [true, [], [10, 45, 38, 46, 36, 49, 63, 66, 83, 90, 107, 117, 121], [], {}], "13": [true, [14, 9, 26, 15, 16, 17, 18, 27, 28, 29, 21, 30, 31, 22, 23, 24, 25, 32, 37], [10], [[14, 9, 26, 15, 16, 17, 18, 27, 28, 29, 21, 30, 31, 22, 23, 24, 25, 32, 37]], {"32": [0, 17], "37": [0, 18], "9": [0, 1], "14": [0, 0], "15": [0, 3], "16": [0, 4], "17": [0, 5], "18": [0, 6], "21": [0, 10], "22": [0, 13], "23": [0, 14], "24": [0, 15], "25": [0, 16], "26": [0, 2], "27": [0, 7], "28": [0, 8], "29": [0, 9], "30": [0, 11], "31": [0, 12]}], "14": [true, [9, 15, 16, 17, 18, 19, 20, 21, 22, 23, 24, 25], [13, 38, 99], [[9, 15, 16, 17, 18, 19, 20, 21, 22, 23, 24, 25]], {"9": [0, 0], "15": [0, 1], "16": [0, 2], "17": [0, 3], "18": [0, 4], "19": [0, 5], "20": [0, 6], "21": [0, 7], "22": [0, 8], "23": [0, 9], "24": [0, 10], "25": [0, 11]}], "15": [true, [], [14, 13, 49], [], {}], "16": [true, [], [14, 13], [], {}], "17": [true, [], [14, 13], [], {}], "18": [true, [], [14, 13, 10, 121], [], {}], "19": [true, [], [14, 10, 38, 49, 99], [], {}], "20": [true, [], [14, 10, 38], [], {}], "21": [true, [], [14, 13, 10, 38, 49], [], {}], "22": [true, [], [14, 13, 45, 38], [], {}], "23": [true, [], [14, 13], [], {}], "24": [true, [], [14, 13, 10, 38], [], {}], "25": [true, [], [14, 13], [], {}], "26": [true, [], [13, 10, 38], [], {}], "27": [true, [], [13, 38], [], {}], "28": [true, [], [13], [], {}], "29": [true, [], [13], [], {}], "30": [true, [], [13], [], {}], "31": [true, [], [13, 38, 36], [], {}], "32": [true, [], [13, 10, 38, 83], [], {}], "33": [true, [], [10, 38], [], {}], "34": [true, [], [10, 45, 38, 49, 83, 117], [], {}], "35": [true, [], [10, 45, 38, 49, 101], [], {}], "36": [true, [3, 11, 12, 37, 10, 38, 46, 45, 6, 31], [], [[3, 11, 12, 37, 10, 38, 46, 45, 6, 31]], {"3": [0, 0], "37": [0, 3], "38": [0, 5], "10": [0, 4], "11": [0, 1], "12": [0, 2], "45": [0, 7], "46": [0, 6], "6": [0, 8], "31": [0, 9]}], "37": [true, [], [13, 36], [], {}],