{"depth": [0, 0, 0, 0, 0, 0, 0, 0, 0, 0, 3, 0, 0, 2, 1, 0, 0, 0, 0, 0, 0, 0, 0, 0, 0, 0, 0, 0, 0, 0, 0, 0, 0, 0, 0, 0, 4, 0, 2, 0, 0, 0, 0, 0, 0, 3, 3, 0, 0, 1, 0, 0, 0, 0, 0, 0, 0, 0, 0, 0, 0, 0, 0, 1, 0, 0, 1, 0, 0, 0, 0, 0, 0, 0, 0, 0, 0, 0, 0, 0, 0, 0, 0, 1, 0, 0, 0, 0, 0, 0, 1, 0, 0, 0, 0, 0, 0, 0, 0, 4, 0, 2, 0, 0, 0, 0, 0, 1, 0, 0, 0, 0, 0, 0, 0, 0, 0, 1, 0, 0, 0, 1, 0, 0, 0, 0, 0, 0, 0, 0, 0, 0, 0, 0, 0, 0, 0, 0], "linksfail": [0, 4, 4, 6, 6, 6, 6, 6, 6, 6, 6, 6, 6, 6, 6, 6, 6, 6, 6, 6, 17, 17, 19, 19, 19, 19, 19, 19, 19, 19, 19, 30, 30, 30, 30, 30, 30, 30, 30, 30, 30, 30, 30, 30, 30, 30, 30, 30, 35, 35, 35, 35, 35, 35, 35, 35, 35, 35, 35, 35, 35, 35, 35, 35, 35, 35, 35, 35, 35, 35, 35, 35, 40, 40, 40, 40, 40, 40, 41, 41, 41, 41, 41, 41, 48, 48, 48, 48, 48, 48, 48, 61, 70, 70, 70, 70, 70, 72, 72, 72, 72, 72, 72, 72, 72, 72, 72, 73, 75, 75, 75, 75, 75, 75, 75, 75, 75, 75, 75, 75, 80, 80, 82, 82, 87, 87, 87, 87, 87, 87, 87, 87, 87, 87, 87, 87, 87, 87], "mandfail": [0, 1, 1, 1, 1, 1, 1, 1, 1, 1, 1, 1, 1, 1, 1, 1, 1, 1, 1, 1, 1, 1, 1, 1, 1, 1, 1, 1, 1, 1, 1, 1, 1, 1, 1, 1, 1, 1, 1, 1, 1, 1, 1, 1, 1, 1, 1, 1, 1, 1, 1, 1, 1, 1, 1, 1, 1, 1, 1, 1, 1, 1, 1, 1, 1, 1, 1, 1, 1, 1, 1, 1, 1, 1, 1, 1, 1, 1, 1, 1, 1, 1, 1, 1, 1, 1, 1, 1, 1, 1, 1, 1, 1, 1, 1, 1, 1, 1, 1, 1, 1, 1, 1, 1, 1, 1, 1, 1, 1, 1, 1, 1, 1, 1, 1, 1, 1, 1, 1, 1, 1, 1, 1, 1, 1, 1, 1, 1, 1, 1, 1, 1, 1, 1, 1, 1, 1, 1], "avgdepth": 0.2318840579710145, "maxmeandepth": 2.0408163265306123, "indegree": [1, 1, 2, 13, 1, 3, 5, 0, 0, 3, 1, 9, 13, 3, 3, 2, 2, 3, 3, 3, 2, 7, 4, 4, 3, 5, 6, 1, 4, 2, 1, 4, 8, 2, 5, 6, 0, 3, 1, 1, 1, 1, 3, 2, 1, 4, 2, 0, 0, 1, 0, 1, 0, 0, 0, 0, 0, 0, 0, 1, 0, 0, 0, 1, 1, 0, 0, 0, 0, 1, 0, 0, 1, 0, 1, 0, 1, 0, 1, 0, 0, 0, 0, 0, 0, 0, 0, 0, 0, 0, 0, 2, 0, 0, 0, 0, 0, 0, 0, 0, 0, 0, 0, 0, 0, 0, 0, 0, 0, 0, 0, 0, 0, 0, 0, 0, 0, 0, 0, 0, 0, 0, 0, 0, 0, 0, 0, 0, 0, 0, 0, 0, 0, 0, 0, 0, 0, 0], "meandepth": [0.0, 0.0, 0.0, 0.0, 0.0, 0.0, 0.0, 0.0, 0.0, 0.0, 1.0583333333333336, 0.0, 0.0, 1.0952380952380953, 1.0, 0.0, 0.0, 0.0, 0.0, 0.0, 0.0, 0.0, 0.0, 0.0, 0.0, 0.0, 0.0, 0.0, 0.0, 0.0, 0.0, 0.0, 0.0, 0.0, 0.0, 0.0, 1.5338146997929607, 0.0, 1.08, 0.0, 0.0, 0.0, 0.0, 0.0, 0.0, 1.0816326530612244, 1.2619047619047619, 0.0, 0.0, 1.0, 0.0, 0.0, 0.0, 0.0, 0.0, 0.0, 0.0, 0.0, 0.0, 0.0, 0.0, 0.0, 0.0, 1.0, 0.0, 0.0, 1.0, 0.0, 0.0, 0.0, 0.0, 0.0, 0.0, 0.0, 0.0, 0.0, 0.0, 0.0, 0.0, 0.0, 0.0, 0.0, 0.0, 1.0, 0.0, 0.0, 0.0, 0.0, 0.0, 0.0, 1.0, 0.0, 0.0, 0.0, 0.0, 0.0, 0.0, 0.0, 0.0, 1.2312925170068028, 0.0, 1.1111111111111112, 0.0, 0.0, 0.0, 0.0, 0.0, 1.0, 0.0, 0.0, 0.0, 0.0, 0.0, 0.0, 0.0, 0.0, 0.0, 1.0, 0.0, 0.0, 0.0, 1.0, 0.0, 0.0, 0.0, 0.0, 0.0, 0.0, 0.0, 0.0, 0.0, 0.0, 0.0, 0.0, 0.0, 0.0, 0.0, 0.0], "nodesremoved": [0, 1, 2, 3, 4, 5, 6, 7, 8, 9, 10, 11, 12, 13, 14, 15, 16, 17, 18, 19, 20, 21, 22, 23, 24, 25, 26, 27, 28, 29, 30, 31, 32, 33, 34, 35, 36, 37, 38, 39, 40, 41, 42, 43, 44, 45, 46, 47, 48, 49, 50, 51, 52, 53, 54, 55, 56, 57, 58, 59, 60, 61, 62, 63, 64, 65, 66, 67, 68, 69, 70, 71, 72, 73, 74, 75, 76, 77, 78, 79, 80, 81, 82, 83, 84, 85, 86, 87, 88, 89, 90, 91, 92, 93, 94, 95, 96, 97, 98, 99, 100, 101, 102, 103, 104, 105, 106, 107, 108, 109, 110, 111, 112, 113, 114, 115, 116, 117, 118, 119, 120, 121, 122, 123, 124, 125, 126, 127, 128, 129, 130, 131, 132, 133, 134, 135, 136, 137], "nodesfail": [0, 1, 2, 4, 5, 6, 7, 8, 9, 10, 11, 12, 13, 14, 15, 16, 17, 18, 19, 20, 21, 22, 23, 24, 25, 26, 27, 28, 29, 30, 31, 32, 33, 34, 35, 36, 37, 38, 39, 40, 41, 42, 43, 44, 45, 46, 47, 48, 49, 50, 51, 52, 53, 54, 55, 56, 57, 58, 59, 60, 61, 62, 63, 64, 65, 66, 67, 68, 69, 70, 71, 72, 73, 74, 75, 76, 77, 78, 79, 80, 81, 82, 83, 84, 85, 86, 87, 88, 89, 90, 91, 92, 93, 94, 95, 96, 97, 98, 99, 100, 101, 102, 103, 104, 105, 106, 107, 108, 109, 110, 111, 112, 113, 114, 115, 116, 117, 118, 119, 120, 121, 122, 123, 124, 125, 126, 127, 128, 129, 130, 131, 132, 133, 134, 135, 136, 137, 138], "outdegree": [0, 0, 0, 0, 0, 0, 0, 0, 0, 0, 18, 0, 0, 21, 21, 0, 0, 0, 0, 0, 0, 0, 0, 0, 0, 0, 0, 0, 0, 0, 0, 0, 0, 0, 0, 0, 10, 0, 25, 0, 0, 0, 0, 0, 0, 14, 8, 0, 0, 9, 0, 0, 0, 0, 0, 0, 0, 0, 0, 0, 0, 0, 0, 3, 0, 0, 4, 0, 0, 0, 0, 0, 0, 0, 0, 0, 0, 0, 0, 0, 0, 0, 0, 4, 0, 0, 0, 0, 0, 0, 2, 0, 0, 0, 0, 0, 0, 0, 0, 9, 0, 9, 0, 0, 0, 0, 0, 4, 0, 0, 0, 0, 0, 0, 0, 0, 0, 3, 0, 0, 0, 2, 0, 0, 0, 0, 0, 0, 0, 0, 0, 0, 0, 0, 0, 0, 0, 0], "linkscreated": [136, 136, 136, 136, 136, 136, 136, 136, 136, 136, 136, 136, 136, 136, 136, 136, 136, 136, 136, 136, 136, 136, 136, 136, 136, 136, 136, 136, 136, 136, 136, 136, 136, 136, 136, 136, 136, 136, 136, 136, 136, 136, 136, 136, 136, 136, 136, 136, 136, 136, 136, 136, 136, 136, 136, 136, 136, 136, 136, 136, 136, 136, 136, 136, 136, 136, 136, 136, 136, 136, 136, 136, 136, 136, 136, 136, 136, 136, 136, 136, 136, 136, 136, 136, 136, 136, 136, 136, 136, 136, 136, 136, 136, 136, 136, 136, 136, 136, 136, 136, 136, 136, 136, 136, 136, 136, 136, 136, 136, 136, 136, 136, 136, 136, 136, 136, 136, 136, 136, 136, 136, 136, 136, 136, 136, 136, 136, 136, 136, 136, 136, 136, 136, 136, 136, 136, 136, 136], "maxoutdegree": 25, "snapshot": {"0": [true, [], [99], [], {}], "1": [true, [], [13], [], {}], "2": [true, [], [99, 101], [], {}], "3": [true, [], [10, 45, 38, 46, 36, 49, 63, 66, 14, 83, 90, 107, 121], [], {}], "4": [true, [], [117], [], {}], "5": [true, [], [10, 38, 49], [], {}], "6": [true, [], [13, 45, 38, 46, 36], [], {}], "7": [true, [], [], [], {}], "8": [true, [], [], [], {}], "9": [true, [], [14, 13, 10], [], {}], "10": [true, [3, 11, 12, 13, 26, 18, 19, 21, 33, 32, 23, 34, 35, 17, 9, 31, 25, 5], [36], [[3, 11, 12, 9], [13, 26, 18, 19, 21, 33, 32, 23, 31], [34, 35, 17, 25, 5]], {"32": [1, 6], "33": [1, 5], "34": [2, 0], "3": [0, 0], "5": [2, 4], "19": [1, 3], "9": [0, 3], "11": [0, 1], "12": [0, 2], "13": [1, 0], "17": [2, 2], "18": [1, 2], "35": [2, 1], "21": [1, 4], "23": [1, 7], "25": [2, 3], "26": [1, 1], "31": [1, 8]}], "11": [true, [], [14, 10, 45, 46, 36, 63, 66, 38, 99], [], {}], "12": [true, [], [10, 45, 38, 46, 36, 49, 63, 66, 83, 90, 107, 117, 121], [], {}], "13": [true, [14, 9, 26, 15, 16, 17, 18, 27, 28, 29, 21, 30, 31, 22, 23, 24, 25, 32, 6, 1, 63], [10, 36, 46], [[14, 9, 26, 15, 16, 17, 18, 27, 28, 29, 21, 30, 31, 22, 23, 24, 25, 32, 6, 1, 63]], {"32": [0, 17], "1": [0, 19], "6": [0, 18], "31": [0, 12], "9": [0, 1], "14": [0, 0], "15": [0, 3], "16": [0, 4], "17": [0, 5], "18": [0, 6], "21": [0, 10], "22": [0, 13], "23": [0, 14], "24": [0, 15], "25": [0, 16], "26": [0, 2], "27": [0, 7], "28": [0, 8], "29": [0, 9], "30": [0, 11], "63": [0, 20]}], "14": [true, [9, 15, 16, 17, 18, 19, 20, 21, 22, 23, 24, 25, 11, 29, 32, 26, 3, 42, 69, 35, 59], [13, 38, 99], [[9, 15, 16, 17, 18, 19, 20, 21, 22, 23, 24, 25, 11, 29, 32, 26, 3, 42, 69, 35, 59]], {"32": [0, 14], "19": [0, 5], "3": [0, 16], "69": [0, 18], "9": [0, 0], "42": [0, 17], "11": [0, 12], "15": [0, 1], "16": [0, 2], "17": [0, 3], "18": [0, 4], "35": [0, 19], "20": [0, 6], "21": [0, 7], "22": [0, 8], "23": [0, 9], "24": [0, 10], "25": [0, 11], "26": [0, 15], "59": [0, 20], "29": [0, 13]}], "15": [true, [], [14, 13], [], {}], "16": [true, [], [14, 13], [], {}], "17": [true, [], [14, 13, 10], [], {}], "18": [true, [], [14, 13, 10], [], {}], "19": [true, [], [14, 10, 38], [], {}], "20": [true, [], [14, 38], [], {}], "21": [true, [], [14, 13, 10, 38, 49, 45, 107], [], {}], "22": [true, [], [14, 13, 38, 101], [], {}], "23": [true, [], [14, 13, 10, 46], [], {}], "24": [true, [], [14, 13, 38], [], {}], "25": [true, [], [14, 13, 10, 66, 107], [], {}], "26": [true, [], [13, 10, 14, 38, 45, 101], [], {}], "27": [true, [], [13], [], {}], "28": [true, [], [13, 45, 38, 83], [], {}], "29": [true, [], [13, 14], [], {}], "30": [true, [], [13], [], {}], "31": [true, [], [13, 10, 38, 45], [], {}], "32": [true, [], [13, 10, 14, 38, 46, 45, 49, 101], [], {}], "33": [true, [], [10, 101], [], {}], "34": [true, [], [10, 45, 38, 49, 83], [], {}], "35": [true, [], [10, 45, 38, 49, 14, 101], [], {}],