{"depth": [0, 0, 0, 0, 0, 0, 0, 0, 0, 0, 3, 0, 0, 2, 1, 0, 0, 0, 0, 0, 0, 0, 0, 0, 0, 0, 0, 0, 0, 0, 0, 0, 0, 0, 0, 0, 6, 0, 5, 0, 0, 0, 0, 0, 0, 4, 5, 0, 0, 5, 0, 0, 0, 0, 0, 0, 0, 0, 0, 0, 0, 0, 0, 1, 0, 0, 1, 0, 0, 0, 0, 0, 0, 0, 0, 0, 0, 0, 0, 0, 0, 0, 0, 1, 0, 0, 0, 0, 0, 0, 1, 0, 0, 0, 0, 0, 0, 0, 0, 2, 0, 6, 0, 0, 0, 0, 0, 1, 0, 0, 0, 0, 0, 0, 0, 0, 0, 1, 0, 0, 0, 1, 0, 0, 0, 0, 0, 0, 0, 0, 0, 0, 0, 0, 0, 0, 0, 0], "linksfail": [0, 3, 3, 3, 3, 3, 4, 7, 7, 7, 7, 7, 17, 17, 17, 17, 17, 17, 17, 17, 17, 17, 17, 23, 23, 23, 23, 23, 23, 23, 23, 23, 23, 23, 23, 23, 23, 23, 23, 24, 24, 24, 24, 24, 24, 24, 24, 24, 24, 24, 24, 24, 24, 24, 24, 24, 32, 32, 32, 32, 32, 32, 32, 32, 32, 32, 36, 36, 36, 36, 36, 44, 44, 44, 44, 44, 44, 44, 44, 44, 44, 45, 45, 45, 53, 55, 55, 55, 55, 55, 55, 55, 55, 55, 55, 55, 55, 55, 55, 55, 55, 55, 55, 55, 55, 55, 55, 55, 55, 55, 55, 55, 66, 66, 66, 66, 66, 66, 66, 71, 71, 71, 71, 71, 71, 71, 71, 71, 71, 73, 73, 73, 73, 73, 74, 74, 77], "mandfail": [0, 0, 0, 0, 0, 0, 0, 0, 0, 0, 0, 0, 0, 0, 0, 0, 0, 0, 0, 0, 0, 0, 0, 0, 0, 0, 0, 0, 0, 0, 0, 0, 0, 0, 0, 0, 0, 0, 0, 0, 0, 0, 0, 0, 0, 0, 0, 0, 0, 0, 0, 0, 0, 0, 0, 0, 0, 0, 0, 0, 0, 0, 0, 0, 0, 0, 1, 1, 1, 1, 1, 1, 1, 1, 1, 1, 1, 1, 1, 1, 1, 1, 1, 1, 1, 1, 1, 1, 1, 1, 1, 1, 1, 1, 1, 1, 1, 1, 1, 1, 1, 1, 1, 1, 1, 1, 1, 1, 1, 1, 1, 1, 1, 1, 1, 1, 1, 1, 1, 1, 1, 1, 1, 1, 1, 1, 1, 1, 1, 1, 1, 1, 1, 1, 1, 1, 1], "avgdepth": 0.3333333333333333, "maxmeandepth": 2.1138024691358024, "indegree": [1, 0, 1, 13, 0, 2, 4, 2, 0, 3, 3, 7, 13, 1, 4, 4, 4, 3, 3, 3, 2, 6, 3, 5, 5, 3, 3, 1, 1, 2, 1, 2, 3, 1, 7, 6, 0, 1, 1, 3, 2, 2, 2, 1, 1, 4, 1, 0, 0, 1, 0, 0, 0, 0, 0, 0, 0, 0, 0, 0, 0, 0, 0, 0, 1, 0, 0, 0, 0, 0, 0, 0, 0, 0, 0, 0, 1, 0, 1, 0, 1, 0, 0, 0, 1, 1, 0, 0, 0, 0, 0, 1, 0, 0, 0, 0, 0, 0, 0, 0, 0, 0, 0, 0, 0, 0, 0, 0, 0, 0, 0, 0, 0, 1, 0, 0, 0, 0, 0, 0, 0, 0, 0, 0, 0, 0, 0, 0, 0, 0, 0, 0, 0, 0, 0, 0, 0, 0], "meandepth": [0.0, 0.0, 0.0, 0.0, 0.0, 0.0, 0.0, 0.0, 0.0, 0.0, 1.0703703703703704, 0.0, 0.0, 1.0526315789473684, 1.0, 0.0, 0.0, 0.0, 0.0, 0.0, 0.0, 0.0, 0.0, 0.0, 0.0, 0.0, 0.0, 0.0, 0.0, 0.0, 0.0, 0.0, 0.0, 0.0, 0.0, 0.0, 1.4161506438442466, 0.0, 1.1518714481677446, 0.0, 0.0, 0.0, 0.0, 0.0, 0.0, 1.138024691358025, 1.1828843995510663, 0.0, 0.0, 1.1138024691358024, 0.0, 0.0, 0.0, 0.0, 0.0, 0.0, 0.0, 0.0, 0.0, 0.0, 0.0, 0.0, 0.0, 1.0, 0.0, 0.0, 1.0, 0.0, 0.0, 0.0, 0.0, 0.0, 0.0, 0.0, 0.0, 0.0, 0.0, 0.0, 0.0, 0.0, 0.0, 0.0, 0.0, 1.0, 0.0, 0.0, 0.0, 0.0, 0.0, 0.0, 1.0, 0.0, 0.0, 0.0, 0.0, 0.0, 0.0, 0.0, 0.0, 1.1111111111111112, 0.0, 1.185633744855967, 0.0, 0.0, 0.0, 0.0, 0.0, 1.0, 0.0, 0.0, 0.0, 0.0, 0.0, 0.0, 0.0, 0.0, 0.0, 1.0, 0.0, 0.0, 0.0, 1.0, 0.0, 0.0, 0.0, 0.0, 0.0, 0.0, 0.0, 0.0, 0.0, 0.0, 0.0, 0.0, 0.0, 0.0, 0.0, 0.0], "nodesremoved": [0, 1, 2, 3, 4, 5, 6, 7, 8, 9, 10, 11, 12, 13, 14, 15, 16, 17, 18, 19, 20, 21, 22, 23, 24, 25, 26, 27, 28, 29, 30, 31, 32, 33, 34, 35, 36, 37, 38, 39, 40, 41, 42, 43, 44, 45, 46, 47, 48, 49, 50, 51, 52, 53, 54, 55, 56, 57, 58, 59, 60, 61, 62, 63, 64, 65, 66, 67, 68, 69, 70, 71, 72, 73, 74, 75, 76, 77, 78, 79, 80, 81, 82, 83, 84, 85, 86, 87, 88, 89, 90, 91, 92, 93, 94, 95, 96, 97, 98, 99, 100, 101, 102, 103, 104, 105, 106, 107, 108, 109, 110, 111, 112, 113, 114, 115, 116, 117, 118, 119, 120, 121, 122, 123, 124, 125, 126, 127, 128, 129, 130, 131, 132, 133, 134, 135, 136], "nodesfail": [0, 1, 2, 3, 4, 5, 6, 8, 9, 10, 11, 12, 13, 14, 15, 16, 17, 18, 19, 20, 21, 22, 23, 24, 25, 26, 27, 28, 29, 30, 31, 32, 33, 34, 35, 36, 37, 38, 39, 40, 41, 42, 43, 44, 45, 46, 47, 48, 49, 50, 51, 52, 53, 54, 55, 56, 57, 58, 59, 60, 61, 62, 63, 64, 65, 66, 68, 69, 70, 71, 72, 73, 74, 75, 76, 77, 78, 79, 80, 81, 82, 83, 84, 85, 86, 87, 88, 89, 90, 91, 92, 93, 94, 95, 96, 97, 98, 99, 100, 101, 102, 103, 104, 105, 106, 107, 108, 109, 110, 111, 112, 113, 114, 115, 116, 117, 118, 119, 120, 121, 122, 123, 124, 125, 126, 127, 128, 129, 130, 131, 132, 133, 134, 135, 136, 137, 138], "outdegree": [0, 0, 0, 0, 0, 0, 0, 0, 0, 0, 15, 0, 0, 19, 16, 0, 0, 0, 0, 0, 0, 0, 0, 0, 0, 0, 0, 0, 0, 0, 0, 0, 0, 0, 0, 0, 11, 0, 21, 0, 0, 0, 0, 0, 0, 15, 6, 0, 0, 10, 0, 0, 0, 0, 0, 0, 0, 0, 0, 0, 0, 0, 0, 2, 0, 0, 4, 0, 0, 0, 0, 0, 0, 0, 0, 0, 0, 0, 0, 0, 0, 0, 0, 5, 0, 0, 0, 0, 0, 0, 2, 0, 0, 0, 0, 0, 0, 0, 0, 9, 0, 6, 0, 0, 0, 0, 0, 2, 0, 0, 0, 0, 0, 0, 0, 0, 0, 2, 0, 0, 0, 4, 0, 0, 0, 0, 0, 0, 0, 0, 0, 0, 0, 0, 0, 0, 0, 0], "linkscreated": [119, 119, 119, 119, 119, 119, 119, 119, 119, 119, 119, 119, 119, 119, 119, 119, 119, 119, 119, 119, 119, 119, 119, 119, 119, 119, 119, 119, 119, 119, 119, 119, 119, 119, 119, 119, 119, 119, 119, 119, 119, 119, 119, 119, 119, 119, 119, 119, 119, 119, 119, 119, 119, 119, 119, 119, 119, 119, 119, 119, 119, 119, 119, 119, 119, 119, 119, 119, 119, 119, 119, 119, 119, 119, 119, 119, 119, 119, 119, 119, 119, 119, 119, 119, 119, 119, 119, 119, 119, 119, 119, 119, 119, 119, 119, 119, 119, 119, 119, 119, 119, 119, 119, 119, 119, 119, 119, 119, 119, 119, 119, 119, 119, 119, 119, 119, 119, 119, 119, 119, 119, 119, 119, 119, 119, 119, 119, 119, 119, 119, 119, 119, 119, 119, 119, 119, 119], "maxoutdegree": 21, "snapshot": {"0": [true, [], [99], [], {}], "1": [true, [], [], [], {}], "2": [true, [], [45], [], {}], "3": [true, [], [10, 45, 38, 46, 36, 49, 63, 66, 83, 90, 107, 117, 121], [], {}], "4": [true, [], [], [], {}], "5": [true, [], [38, 49], [], {}], "6": [true, [], [45, 46, 36, 14], [], {}], "7": [true, [], [45, 99], [], {}], "8": [true, [], [], [], {}], "9": [true, [], [14, 13, 10], [], {}], "10": [true, [3, 11, 12, 13, 26, 18, 19, 21, 33, 32, 23, 9, 34, 35, 24], [45, 38, 36], [[3, 11, 12], [13, 26, 18, 19, 21, 33, 32, 23, 9], [34, 35, 24]], {"32": [1, 6], "33": [1, 5], "34": [2, 0], "3": [0, 0], "19": [1, 3], "9": [1, 8], "11": [0, 1], "12": [0, 2], "13": [1, 0], "18": [1, 2], "35": [2, 1], "21": [1, 4], "23": [1, 7], "24": [2, 2], "26": [1, 1]}], "11": [true, [], [10, 13, 45, 46, 36, 66, 99], [], {}], "12": [true, [], [10, 45, 38, 46, 36, 49, 63, 66, 83, 90, 107, 117, 121], [], {}], "13": [true, [14, 9, 26, 15, 16, 17, 18, 27, 28, 29, 21, 30, 31, 22, 23, 24, 25, 32, 11], [10], [[14, 9, 26, 15, 16, 17, 18, 27, 28, 29, 21, 30, 31, 22, 23, 24, 25, 32, 11]], {"32": [0, 17], "9": [0, 1], "11": [0, 18], "14": [0, 0], "15": [0, 3], "16": [0, 4], "17": [0, 5], "18": [0, 6], "21": [0, 10], "22": [0, 13], "23": [0, 14], "24": [0, 15], "25": [0, 16], "26": [0, 2], "27": [0, 7], "28": [0, 8], "29": [0, 9], "30": [0, 11], "31": [0, 12]}], "14": [true, [9, 15, 16, 17, 18, 19, 20, 21, 22, 23, 24, 25, 34, 29, 41, 6], [13, 38, 45, 99], [[9, 15, 16, 17, 18, 19, 20, 21, 22, 23, 24, 25, 34, 29, 41, 6]], {"34": [0, 12], "6": [0, 15], "9": [0, 0], "23": [0, 9], "15": [0, 1], "16": [0, 2], "17": [0, 3], "18": [0, 4], "19": [0, 5], "20": [0, 6], "21": [0, 7], "22": [0, 8], "41": [0, 14], "24": [0, 10], "25": [0, 11], "29": [0, 13]}], "15": [true, [], [14, 13, 83, 101], [], {}], "16": [true, [], [14, 13, 36, 45], [], {}], "17": [true, [], [14, 13, 99], [], {}], "18": [true, [], [14, 13, 10], [], {}], "19": [true, [], [14, 10, 38], [], {}], "20": [true, [], [14, 38], [], {}], "21": [true, [], [14, 13, 10, 38, 46, 49], [], {}], "22": [true, [], [14, 13, 38], [], {}], "23": [true, [], [14, 13, 10, 45, 36], [], {}], "24": [true, [], [14, 13, 10, 45, 38], [], {}], "25": [true, [], [14, 13, 49], [], {}], "26": [true, [], [13, 10, 38], [], {}], "27": [true, [], [13], [], {}], "28": [true, [], [13], [], {}], "29": [true, [], [13, 14], [], {}], "30": [true, [], [13], [], {}], "31": [true, [], [13, 38], [], {}], "32": [true, [], [13, 10, 66], [], {}], "33": [true, [], [10], [], {}], "34": [true, [], [10, 45, 38, 49, 14, 83, 121], [], {}], "35": [true, [], [10, 45, 38, 49, 83, 101], [], {}], "36": [true, [3, 11, 12, 37, 10, 38, 46, 45, 6, 16, 23], [], [[3, 11, 12, 37, 10, 38, 46, 45, 6, 16, 23]], {"3": [0, 0], "37": [0, 3], "38": [0, 5], "10": [0, 4], "11": [0, 1], "12": [0, 2], "45": [0, 7], "46": [0, 6], "16": [0, 9], "23": [0, 10], "6": [0, 8]}], "37": [true, [], [36], [], {}],