{"depth": [0, 0, 0, 0, 0, 0, 0, 0, 0, 0, 3, 0, 0, 2, 4, 0, 0, 0, 0, 0, 0, 0, 0, 0, 0, 0, 0, 0, 0, 0, 0, 0, 0, 0, 0, 0, 5, 0, 4, 0, 0, 0, 0, 0, 0, 3, 4, 0, 0, 1, 0, 0, 0, 0, 0, 0, 0, 0, 0, 0, 0, 0, 0, 1, 0, 0, 1, 0, 0, 0, 0, 0, 0, 0, 0, 0, 0, 0, 0, 0, 0, 0, 0, 2, 0, 0, 0, 0, 0, 0, 1, 0, 0, 0, 0, 0, 0, 0, 0, 5, 0, 2, 0, 0, 0, 0, 0, 1, 0, 0, 0, 0, 0, 0, 0, 0, 0, 1, 0, 0, 0, 6, 0, 0, 0, 0, 0, 0, 0, 0, 0, 0, 0, 0, 0, 0, 0, 0], "linksfail": [0, 0, 0, 0, 0, 0, 0, 0, 0, 0, 0, 1, 1, 1, 3, 3, 3, 3, 5, 5, 5, 5, 5, 5, 5, 5, 5, 5, 5, 5, 5, 5, 5, 10, 15, 15, 15, 15, 19, 27, 27, 27, 27, 28, 28, 28, 28, 28, 28, 28, 28, 28, 28, 35, 37, 49, 49, 49, 49, 49, 49, 49, 49, 49, 49, 49, 49, 49, 49, 49, 49, 49, 49, 49, 49, 49, 49, 49, 49, 49, 49, 49, 49, 49, 49, 49, 49, 49, 49, 49, 49, 57, 57, 57, 57, 57, 57, 57, 57, 59, 59, 59, 59, 59, 67, 67, 67, 67, 67, 67, 67, 67, 67, 67, 67, 67, 69, 69, 69, 69, 69, 69, 79, 79, 79, 79, 79, 79, 79, 79, 79, 79, 79, 79, 81, 81, 81, 81], "mandfail": [0, 0, 0, 0, 0, 0, 0, 0, 0, 0, 0, 1, 1, 1, 2, 2, 2, 2, 2, 2, 2, 2, 2, 2, 2, 2, 2, 2, 2, 2, 2, 2, 2, 2, 2, 2, 2, 2, 2, 2, 2, 2, 2, 2, 2, 2, 2, 2, 2, 2, 2, 2, 2, 2, 2, 2, 2, 2, 2, 2, 2, 2, 2, 2, 2, 2, 2, 2, 2, 2, 2, 2, 2, 2, 2, 2, 2, 2, 2, 2, 2, 2, 2, 2, 2, 2, 2, 2, 2, 2, 2, 2, 2, 2, 2, 2, 2, 2, 2, 2, 2, 2, 2, 2, 2, 2, 2, 2, 2, 2, 2, 2, 2, 2, 2, 2, 2, 2, 2, 2, 2, 2, 2, 2, 2, 2, 2, 2, 2, 2, 2, 2, 2, 2, 2, 2, 2, 2], "avgdepth": 0.3333333333333333, "maxmeandepth": 2.0713333333333335, "indegree": [3, 0, 0, 14, 0, 3, 4, 1, 0, 3, 1, 6, 13, 3, 4, 3, 2, 3, 3, 7, 2, 6, 6, 3, 3, 2, 5, 4, 1, 1, 2, 2, 2, 3, 5, 5, 0, 2, 1, 2, 3, 1, 2, 1, 1, 5, 1, 0, 0, 1, 0, 0, 0, 0, 0, 0, 0, 0, 0, 0, 0, 0, 0, 0, 1, 0, 0, 0, 0, 0, 1, 0, 0, 0, 1, 0, 0, 0, 1, 0, 0, 0, 1, 0, 0, 1, 0, 0, 0, 0, 0, 2, 0, 0, 1, 0, 0, 0, 0, 1, 0, 0, 0, 0, 0, 0, 0, 0, 0, 0, 0, 0, 0, 0, 0, 0, 0, 0, 0, 0, 0, 0, 0, 0, 0, 0, 0, 0, 0, 0, 0, 0, 0, 0, 0, 0, 0, 0], "meandepth": [0.0, 0.0, 0.0, 0.0, 0.0, 0.0, 0.0, 0.0, 0.0, 0.0, 1.070175438596491, 0.0, 0.0, 1.05, 1.0713333333333332, 0.0, 0.0, 0.0, 0.0, 0.0, 0.0, 0.0, 0.0, 0.0, 0.0, 0.0, 0.0, 0.0, 0.0, 0.0, 0.0, 0.0, 0.0, 0.0, 0.0, 0.0, 1.4956478000556948, 0.0, 1.1383152173913043, 0.0, 0.0, 0.0, 0.0, 0.0, 0.0, 1.0700000000000003, 1.138125, 0.0, 0.0, 1.0, 0.0, 0.0, 0.0, 0.0, 0.0, 0.0, 0.0, 0.0, 0.0, 0.0, 0.0, 0.0, 0.0, 1.0, 0.0, 0.0, 1.0, 0.0, 0.0, 0.0, 0.0, 0.0, 0.0, 0.0, 0.0, 0.0, 0.0, 0.0, 0.0, 0.0, 0.0, 0.0, 0.0, 1.2, 0.0, 0.0, 0.0, 0.0, 0.0, 0.0, 1.0, 0.0, 0.0, 0.0, 0.0, 0.0, 0.0, 0.0, 0.0, 1.2379259259259259, 0.0, 1.25, 0.0, 0.0, 0.0, 0.0, 0.0, 1.0, 0.0, 0.0, 0.0, 0.0, 0.0, 0.0, 0.0, 0.0, 0.0, 1.0, 0.0, 0.0, 0.0, 1.3094814814814815, 0.0, 0.0, 0.0, 0.0, 0.0, 0.0, 0.0, 0.0, 0.0, 0.0, 0.0, 0.0, 0.0, 0.0, 0.0, 0.0], "nodesremoved": [0, 1, 2, 3, 4, 5, 6, 7, 8, 9, 10, 11, 12, 13, 14, 15, 16, 17, 18, 19, 20, 21, 22, 23, 24, 25, 26, 27, 28, 29, 30, 31, 32, 33, 34, 35, 36, 37, 38, 39, 40, 41, 42, 43, 44, 45, 46, 47, 48, 49, 50, 51, 52, 53, 54, 55, 56, 57, 58, 59, 60, 61, 62, 63, 64, 65, 66, 67, 68, 69, 70, 71, 72, 73, 74, 75, 76, 77, 78, 79, 80, 81, 82, 83, 84, 85, 86, 87, 88, 89, 90, 91, 92, 93, 94, 95, 96, 97, 98, 99, 100, 101, 102, 103, 104, 105, 106, 107, 108, 109, 110, 111, 112, 113, 114, 115, 116, 117, 118, 119, 120, 121, 122, 123, 124, 125, 126, 127, 128, 129, 130, 131, 132, 133, 134, 135, 136, 137], "nodesfail": [0, 1, 2, 3, 4, 5, 6, 7, 8, 9, 10, 11, 12, 13, 14, 15, 16, 17, 18, 19, 20, 21, 22, 23, 24, 25, 26, 27, 28, 29, 30, 31, 32, 33, 35, 36, 37, 38, 39, 40, 41, 42, 43, 44, 45, 46, 47, 48, 49, 50, 51, 52, 53, 54, 55, 56, 57, 58, 59, 60, 61, 62, 63, 64, 65, 66, 67, 68, 69, 70, 71, 72, 73, 74, 75, 76, 77, 78, 79, 80, 81, 82, 83, 84, 85, 86, 87, 88, 89, 90, 91, 92, 93, 94, 95, 96, 97, 98, 99, 100, 101, 102, 103, 104, 105, 106, 107, 108, 109, 110, 111, 112, 113, 114, 115, 116, 117, 118, 119, 120, 121, 122, 123, 124, 125, 126, 127, 128, 129, 130, 131, 132, 133, 134, 135, 136, 137, 138], "outdegree": [0, 0, 0, 0, 0, 0, 0, 0, 0, 0, 15, 0, 0, 20, 15, 0, 0, 0, 0, 0, 0, 0, 0, 0, 0, 0, 0, 0, 0, 0, 0, 0, 0, 0, 0, 0, 9, 0, 23, 0, 0, 0, 0, 0, 0, 15, 8, 0, 0, 13, 0, 0, 0, 0, 0, 0, 0, 0, 0, 0, 0, 0, 0, 3, 0, 0, 4, 0, 0, 0, 0, 0, 0, 0, 0, 0, 0, 0, 0, 0, 0, 0, 0, 5, 0, 0, 0, 0, 0, 0, 3, 0, 0, 0, 0, 0, 0, 0, 0, 9, 0, 4, 0, 0, 0, 0, 0, 2, 0, 0, 0, 0, 0, 0, 0, 0, 0, 3, 0, 0, 0, 4, 0, 0, 0, 0, 0, 0, 0, 0, 0, 0, 0, 0, 0, 0, 0, 0], "linkscreated": [125, 125, 125, 125, 125, 125, 125, 125, 125, 125, 125, 125, 125, 125, 125, 125, 125, 125, 125, 125, 125, 125, 125, 125, 125, 125, 125, 125, 125, 125, 125, 125, 125, 125, 125, 125, 125, 125, 125, 125, 125, 125, 125, 125, 125, 125, 125, 125, 125, 125, 125, 125, 125, 125, 125, 125, 125, 125, 125, 125, 125, 125, 125, 125, 125, 125, 125, 125, 125, 125, 125, 125, 125, 125, 125, 125, 125, 125, 125, 125, 125, 125, 125, 125, 125, 125, 125, 125, 125, 125, 125, 125, 125, 125, 125, 125, 125, 125, 125, 125, 125, 125, 125, 125, 125, 125, 125, 125, 125, 125, 125, 125, 125, 125, 125, 125, 125, 125, 125, 125, 125, 125, 125, 125, 125, 125, 125, 125, 125, 125, 125, 125, 125, 125, 125, 125, 125, 125], "maxoutdegree": 23, "snapshot": {"0": [true, [], [13, 63, 99], [], {}], "1": [true, [], [], [], {}], "2": [true, [], [], [], {}], "3": [true, [], [10, 45, 38, 46, 36, 49, 63, 66, 14, 83, 90, 107, 117, 121], [], {}], "4": [true, [], [], [], {}], "5": [true, [], [38, 45, 49], [], {}], "6": [true, [], [45, 46, 36, 38], [], {}], "7": [true, [], [90], [], {}], "8": [true, [], [], [], {}], "9": [true, [], [14, 13, 38], [], {}], "10": [true, [3, 11, 12, 17, 26, 13, 18, 19, 21, 33, 32, 27, 34, 35, 22], [36], [[3, 11, 12, 17, 26], [13, 18, 19, 21, 33, 32, 27], [34, 35, 22]], {"32": [1, 5], "33": [1, 4], "34": [2, 0], "3": [0, 0], "19": [1, 2], "11": [0, 1], "12": [0, 2], "13": [1, 0], "17": [0, 3], "18": [1, 1], "35": [2, 1], "21": [1, 3], "22": [2, 2], "26": [0, 4], "27": [1, 6]}], "11": [true, [], [10, 45, 46, 36, 66, 99], [], {}], "12": [true, [], [10, 45, 38, 46, 36, 49, 63, 66, 83, 90, 107, 117, 121], [], {}], "13": [true, [14, 9, 26, 15, 16, 17, 18, 27, 28, 29, 21, 30, 31, 22, 23, 24, 25, 32, 0, 19], [10, 45, 38], [[14, 9, 26, 15, 16, 17, 18, 27, 28, 29, 21, 30, 31, 22, 23, 24, 25, 32, 0, 19]], {"32": [0, 17], "0": [0, 18], "9": [0, 1], "14": [0, 0], "15": [0, 3], "16": [0, 4], "17": [0, 5], "18": [0, 6], "19": [0, 19], "21": [0, 10], "22": [0, 13], "23": [0, 14], "24": [0, 15], "25": [0, 16], "26": [0, 2], "27": [0, 7], "28": [0, 8], "29": [0, 9], "30": [0, 11], "31": [0, 12]}], "14": [true, [9, 15, 16, 17, 18, 19, 20, 21, 22, 23, 24, 25, 3, 45, 40], [13, 38, 83, 99], [[9, 15, 16, 17, 18, 19, 20, 21, 22, 23, 24, 25, 3, 45, 40]], {"3": [0, 12], "40": [0, 14], "9": [0, 0], "45": [0, 13], "15": [0, 1], "16": [0, 2], "17": [0, 3], "18": [0, 4], "19": [0, 5], "20": [0, 6], "21": [0, 7], "22": [0, 8], "23": [0, 9], "24": [0, 10], "25": [0, 11]}], "15": [true, [], [14, 13, 45], [], {}], "16": [true, [], [14, 13], [], {}], "17": [true, [], [14, 13, 10], [], {}], "18": [true, [], [14, 13, 10], [], {}], "19": [true, [], [14, 10, 13, 38, 45, 46, 99], [], {}], "20": [true, [], [14, 38], [], {}], "21": [true, [], [14, 13, 10, 38, 49, 121], [], {}], "22": [true, [], [14, 13, 10, 38, 45, 99], [], {}], "23": [true, [], [14, 13, 46], [], {}], "24": [true, [], [14, 13, 38], [], {}], "25": [true, [], [14, 13], [], {}], "26": [true, [], [13, 10, 38, 49, 45], [], {}], "27": [true, [], [13, 10, 45, 49], [], {}], "28": [true, [], [13], [], {}], "29": [true, [], [13], [], {}], "30": [true, [], [13, 49], [], {}], "31": [true, [], [13, 38], [], {}], "32": [true, [], [13, 10], [], {}], "33": [true, [], [10, 66, 99], [], {}], "34": [true, [], [10, 45, 38, 49, 83], [], {}], "35": [true, [], [10, 45, 38, 49, 101], [], {}], "36": [true, [3, 11, 12, 37, 10, 38, 46, 45, 6], [], [[3, 11, 12, 37, 10, 38, 46, 45, 6]], {"3": [0, 0], "37": [0, 3], "38": [0, 5], "10": [0, 4], "11": [0, 1], "12": [0, 2], "45": [0, 7], "46": [0, 6], "6": [0, 8]}], "37": [true, [], [36, 45], [], {}],