{"depth": [0, 0, 0, 0, 0, 0, 0, 0, 0, 0, 3, 0, 0, 2, 5, 0, 0, 0, 0, 0, 0, 0, 0, 0, 0, 0, 0, 0, 0, 0, 0, 0, 0, 0, 0, 0, 4, 0, 2, 0, 0, 0, 0, 0, 0, 1, 2, 0, 0, 1, 0, 0, 0, 0, 0, 0, 0, 0, 0, 0, 0, 0, 0, 1, 0, 0, 1, 0, 0, 0, 0, 0, 0, 0, 0, 0, 0, 0, 0, 0, 0, 0, 0, 3, 0, 0, 0, 0, 0, 0, 1, 0, 0, 0, 0, 0, 0, 0, 0, 6, 0, 2, 0, 0, 0, 0, 0, 1, 0, 0, 0, 0, 0, 0, 0, 0, 0, 1, 0, 0, 0, 1, 0, 0, 0, 0, 0, 0, 0, 0, 0, 0, 0, 0, 0, 0, 0, 0], "linksfail": [0, 0, 1, 1, 1, 1, 1, 1, 1, 1, 1, 1, 1, 1, 1, 1, 2, 2, 2, 2, 2, 2, 2, 2, 2, 2, 2, 2, 5, 5, 5, 5, 5, 5, 5, 5, 15, 15, 15, 15, 17, 17, 17, 17, 17, 17, 19, 19, 19, 19, 19, 19, 19, 19, 25, 38, 38, 38, 38, 38, 49, 49, 58, 58, 58, 58, 58, 58, 58, 58, 60, 60, 60, 60, 60, 60, 60, 60, 60, 60, 66, 66, 66, 66, 66, 66, 66, 66, 66, 66, 66, 66, 66, 66, 66, 66, 66, 66, 66, 66, 66, 66, 66, 66, 66, 72, 72, 72, 72, 72, 72, 72, 72, 72, 72, 72, 72, 72, 72, 72, 72, 72, 72, 72, 75, 75, 75, 75, 75, 75, 75, 75, 75, 75, 75, 75, 75], "mandfail": [0, 0, 0, 0, 0, 0, 0, 2, 2, 2, 2, 2, 2, 2, 2, 2, 2, 2, 2, 2, 2, 2, 2, 2, 2, 2, 2, 2, 2, 2, 2, 2, 2, 2, 2, 2, 2, 2, 2, 2, 2, 2, 2, 2, 2, 3, 3, 3, 3, 3, 3, 3, 3, 3, 3, 3, 3, 3, 3, 3, 4, 4, 4, 4, 4, 4, 4, 4, 4, 4, 4, 4, 4, 4, 4, 4, 4, 4, 4, 4, 4, 4, 4, 4, 4, 4, 4, 4, 4, 4, 4, 4, 4, 4, 4, 4, 4, 4, 4, 4, 4, 4, 4, 4, 4, 4, 4, 4, 4, 4, 4, 4, 4, 4, 4, 4, 4, 4, 4, 4, 4, 4, 4, 4, 4, 4, 4, 4, 4, 4, 4, 4, 4, 4, 4, 4, 4], "avgdepth": 0.26811594202898553, "maxmeandepth": 2.0930538186093743, "indegree": [1, 0, 1, 12, 0, 3, 3, 0, 1, 3, 1, 6, 14, 1, 3, 2, 2, 3, 4, 4, 4, 6, 5, 2, 4, 5, 4, 2, 2, 1, 2, 2, 5, 1, 6, 5, 1, 3, 1, 1, 1, 2, 1, 1, 2, 3, 2, 0, 0, 2, 0, 1, 0, 0, 0, 0, 0, 0, 1, 0, 0, 0, 0, 0, 1, 0, 0, 0, 0, 0, 1, 0, 0, 0, 0, 0, 0, 0, 2, 0, 0, 0, 0, 0, 0, 0, 0, 0, 0, 0, 0, 1, 0, 0, 0, 0, 1, 0, 0, 0, 0, 0, 0, 0, 0, 0, 0, 0, 0, 0, 0, 0, 0, 0, 0, 0, 0, 0, 0, 0, 0, 0, 0, 0, 0, 0, 0, 0, 0, 0, 0, 0, 0, 0, 0, 0, 0, 0], "meandepth": [0.0, 0.0, 0.0, 0.0, 0.0, 0.0, 0.0, 0.0, 0.0, 0.0, 1.058641975308642, 0.0, 0.0, 1.0526315789473684, 1.0872379549462883, 0.0, 0.0, 0.0, 0.0, 0.0, 0.0, 0.0, 0.0, 0.0, 0.0, 0.0, 0.0, 0.0, 0.0, 0.0, 0.0, 0.0, 0.0, 0.0, 0.0, 0.0, 1.3958072791406124, 0.0, 1.1200000000000003, 0.0, 0.0, 0.0, 0.0, 0.0, 0.0, 1.0, 1.2, 0.0, 0.0, 1.0, 0.0, 0.0, 0.0, 0.0, 0.0, 0.0, 0.0, 0.0, 0.0, 0.0, 0.0, 0.0, 0.0, 1.0, 0.0, 0.0, 1.0, 0.0, 0.0, 0.0, 0.0, 0.0, 0.0, 0.0, 0.0, 0.0, 0.0, 0.0, 0.0, 0.0, 0.0, 0.0, 0.0, 1.3, 0.0, 0.0, 0.0, 0.0, 0.0, 0.0, 1.0, 0.0, 0.0, 0.0, 0.0, 0.0, 0.0, 0.0, 0.0, 1.1561505455156247, 0.0, 1.3333333333333333, 0.0, 0.0, 0.0, 0.0, 0.0, 1.0, 0.0, 0.0, 0.0, 0.0, 0.0, 0.0, 0.0, 0.0, 0.0, 1.0, 0.0, 0.0, 0.0, 1.0, 0.0, 0.0, 0.0, 0.0, 0.0, 0.0, 0.0, 0.0, 0.0, 0.0, 0.0, 0.0, 0.0, 0.0, 0.0, 0.0], "nodesremoved": [0, 1, 2, 3, 4, 5, 6, 7, 8, 9, 10, 11, 12, 13, 14, 15, 16, 17, 18, 19, 20, 21, 22, 23, 24, 25, 26, 27, 28, 29, 30, 31, 32, 33, 34, 35, 36, 37, 38, 39, 40, 41, 42, 43, 44, 45, 46, 47, 48, 49, 50, 51, 52, 53, 54, 55, 56, 57, 58, 59, 60, 61, 62, 63, 64, 65, 66, 67, 68, 69, 70, 71, 72, 73, 74, 75, 76, 77, 78, 79, 80, 81, 82, 83, 84, 85, 86, 87, 88, 89, 90, 91, 92, 93, 94, 95, 96, 97, 98, 99, 100, 101, 102, 103, 104, 105, 106, 107, 108, 109, 110, 111, 112, 113, 114, 115, 116, 117, 118, 119, 120, 121, 122, 123, 124, 125, 126, 127, 128, 129, 130, 131, 132, 133, 134, 135, 136], "nodesfail": [0, 1, 2, 3, 4, 5, 6, 8, 9, 10, 11, 12, 13, 14, 15, 16, 17, 18, 19, 20, 21, 22, 23, 24, 25, 26, 27, 28, 29, 30, 31, 32, 33, 34, 35, 36, 37, 38, 39, 40, 41, 42, 43, 44, 45, 46, 47, 48, 49, 50, 51, 52, 53, 54, 55, 56, 57, 58, 59, 60, 62, 63, 64, 65, 66, 67, 68, 69, 70, 71, 72, 73, 74, 75, 76, 77, 78, 79, 80, 81, 82, 83, 84, 85, 86, 87, 88, 89, 90, 91, 92, 93, 94, 95, 96, 97, 98, 99, 100, 101, 102, 103, 104, 105, 106, 107, 108, 109, 110, 111, 112, 113, 114, 115, 116, 117, 118, 119, 120, 121, 122, 123, 124, 125, 126, 127, 128, 129, 130, 131, 132, 133, 134, 135, 136, 137, 138], "outdegree": [0, 0, 0, 0, 0, 0, 0, 0, 0, 0, 18, 0, 0, 19, 16, 0, 0, 0, 0, 0, 0, 0, 0, 0, 0, 0, 0, 0, 0, 0, 0, 0, 0, 0, 0, 0, 11, 0, 25, 0, 0, 0, 0, 0, 0, 12, 5, 0, 0, 11, 0, 0, 0, 0, 0, 0, 0, 0, 0, 0, 0, 0, 0, 3, 0, 0, 5, 0, 0, 0, 0, 0, 0, 0, 0, 0, 0, 0, 0, 0, 0, 0, 0, 4, 0, 0, 0, 0, 0, 0, 2, 0, 0, 0, 0, 0, 0, 0, 0, 7, 0, 3, 0, 0, 0, 0, 0, 4, 0, 0, 0, 0, 0, 0, 0, 0, 0, 1, 0, 0, 0, 2, 0, 0, 0, 0, 0, 0, 0, 0, 0, 0, 0, 0, 0, 0, 0, 0], "linkscreated": [119, 119, 119, 119, 119, 119, 119, 119, 119, 119, 119, 119, 119, 119, 119, 119, 119, 119, 119, 119, 119, 119, 119, 119, 119, 119, 119, 119, 119, 119, 119, 119, 119, 119, 119, 119, 119, 119, 119, 119, 119, 119, 119, 119, 119, 119, 119, 119, 119, 119, 119, 119, 119, 119, 119, 119, 119, 119, 119, 119, 119, 119, 119, 119, 119, 119, 119, 119, 119, 119, 119, 119, 119, 119, 119, 119, 119, 119, 119, 119, 119, 119, 119, 119, 119, 119, 119, 119, 119, 119, 119, 119, 119, 119, 119, 119, 119, 119, 119, 119, 119, 119, 119, 119, 119, 119, 119, 119, 119, 119, 119, 119, 119, 119, 119, 119, 119, 119, 119, 119, 119, 119, 119, 119, 119, 119, 119, 119, 119, 119, 119, 119, 119, 119, 119, 119, 119], "maxoutdegree": 25, "snapshot": {"0": [true, [], [99], [], {}], "1": [true, [], [], [], {}], "2": [true, [], [38], [], {}], "3": [true, [], [10, 45, 38, 46, 36, 49, 63, 66, 83, 90, 107, 121], [], {}], "4": [true, [], [], [], {}], "5": [true, [], [10, 38, 49], [], {}], "6": [true, [], [45, 46, 36], [], {}], "7": [true, [], [], [], {}], "8": [true, [], [38], [], {}], "9": [true, [], [14, 13, 99], [], {}], "10": [true, [3, 11, 12, 30, 13, 26, 18, 19, 21, 33, 32, 28, 25, 34, 35, 20, 24, 5], [36], [[3, 11, 12, 30, 20], [13, 26, 18, 19, 21, 33, 32, 28, 25, 24, 5], [34, 35]], {"32": [1, 6], "33": [1, 5], "34": [2, 0], "3": [0, 0], "5": [1, 10], "19": [1, 3], "11": [0, 1], "12": [0, 2], "13": [1, 0], "18": [1, 2], "35": [2, 1], "20": [0, 4], "21": [1, 4], "24": [1, 9], "25": [1, 8], "26": [1, 1], "28": [1, 7], "30": [0, 3]}], "11": [true, [], [10, 45, 46, 36, 66, 99], [], {}], "12": [true, [], [10, 13, 45, 38, 46, 36, 49, 63, 66, 83, 90, 107, 117, 121], [], {}], "13": [true, [14, 9, 26, 15, 16, 17, 18, 27, 28, 29, 21, 30, 31, 22, 23, 24, 25, 32, 12], [10], [[14, 9, 26, 15, 16, 17, 18, 27, 28, 29, 21, 30, 31, 22, 23, 24, 25, 32, 12]], {"32": [0, 17], "9": [0, 1], "12": [0, 18], "14": [0, 0], "15": [0, 3], "16": [0, 4], "17": [0, 5], "18": [0, 6], "21": [0, 10], "22": [0, 13], "23": [0, 14], "24": [0, 15], "25": [0, 16], "26": [0, 2], "27": [0, 7], "28": [0, 8], "29": [0, 9], "30": [0, 11], "31": [0, 12]}], "14": [true, [9, 15, 16, 17, 18, 19, 20, 21, 22, 23, 24, 25, 32, 27, 36, 44], [13, 38, 99], [[9, 15, 16, 17, 18, 19, 20, 21, 22, 23, 24, 25, 32, 27, 36, 44]], {"32": [0, 12], "36": [0, 14], "9": [0, 0], "44": [0, 15], "15": [0, 1], "16": [0, 2], "17": [0, 3], "18": [0, 4], "19": [0, 5], "20": [0, 6], "21": [0, 7], "22": [0, 8], "23": [0, 9], "24": [0, 10], "25": [0, 11], "27": [0, 13]}], "15": [true, [], [14, 13], [], {}], "16": [true, [], [14, 13], [], {}], "17": [true, [], [14, 13, 45], [], {}], "18": [true, [], [14, 13, 10, 49], [], {}], "19": [true, [], [14, 10, 38, 49], [], {}], "20": [true, [], [14, 10, 38, 45], [], {}], "21": [true, [], [14, 13, 10, 38, 49, 66], [], {}], "22": [true, [], [14, 13, 38, 45, 99], [], {}], "23": [true, [], [14, 13], [], {}], "24": [true, [], [14, 13, 10, 38], [], {}], "25": [true, [], [14, 13, 10, 45, 36], [], {}], "26": [true, [], [13, 10, 38, 49], [], {}], "27": [true, [], [13, 14], [], {}], "28": [true, [], [13, 10], [], {}], "29": [true, [], [13], [], {}], "30": [true, [], [13, 10], [], {}], "31": [true, [], [13, 38], [], {}], "32": [true, [], [13, 10, 14, 45, 107], [], {}], "33": [true, [], [10], [], {}], "34": [true, [], [10, 45, 38, 36, 49, 83], [], {}], "35": [true, [], [10, 45, 38, 49, 101], [], {}], "36": [true, [3, 11, 12, 37, 10, 38, 46, 45, 6, 34, 25], [14], [[3, 11, 12, 37, 10, 38, 46, 45, 6, 34, 25]], {"34": [0, 9], "3": [0, 0], "37": [0, 3], "38": [0, 5], "10": [0, 4], "11": [0, 1], "12": [0, 2], "45": [0, 7], "46": [0, 6], "25": [0, 10], "6": [0, 8]}],