{"depth": [0, 0, 0, 0, 0, 0, 0, 0, 0, 0, 3, 0, 0, 2, 5, 0, 0, 0, 0, 0, 0, 0, 0, 0, 0, 0, 0, 0, 0, 0, 0, 0, 0, 0, 0, 0, 4, 0, 2, 0, 0, 0, 0, 0, 0, 1, 2, 0, 0, 2, 0, 0, 0, 0, 0, 0, 0, 0, 0, 0, 0, 0, 0, 1, 0, 0, 1, 0, 0, 0, 0, 0, 0, 0, 0, 0, 0, 0, 0, 0, 0, 0, 0, 4, 0, 0, 0, 0, 0, 0, 1, 0, 0, 0, 0, 0, 0, 0, 0, 6, 0, 6, 0, 0, 0, 0, 0, 1, 0, 0, 0, 0, 0, 0, 0, 0, 0, 2, 0, 0, 0, 1, 0, 0, 0, 0, 0, 0, 0, 0, 0, 0, 0, 0, 0, 0, 0, 0], "linksfail": [0, 0, 0, 0, 0, 0, 0, 0, 0, 0, 0, 0, 0, 0, 0, 0, 0, 0, 7, 20, 25, 25, 25, 25, 25, 25, 25, 25, 25, 25, 25, 25, 25, 25, 36, 36, 36, 40, 40, 40, 40, 40, 42, 42, 42, 45, 45, 45, 45, 45, 45, 45, 45, 45, 45, 45, 45, 45, 45, 45, 45, 45, 45, 45, 45, 45, 53, 53, 53, 53, 53, 53, 53, 53, 53, 53, 53, 53, 53, 53, 53, 53, 59, 59, 59, 59, 59, 59, 59, 59, 59, 59, 69, 69, 69, 69, 69, 69, 71, 71, 79, 79, 82, 82, 82, 82, 91, 91, 91, 91, 91, 91, 91, 91, 91, 91, 91, 91, 91, 91, 94, 94, 94, 94, 94, 94, 94, 96, 96, 96, 96, 96, 98, 98, 98, 98, 98, 98, 98], "mandfail": [0, 0, 0, 0, 0, 0, 0, 0, 0, 0, 0, 0, 0, 0, 0, 0, 0, 0, 0, 0, 0, 0, 0, 0, 0, 0, 0, 0, 0, 0, 0, 0, 0, 0, 0, 0, 0, 1, 1, 1, 1, 1, 1, 1, 1, 1, 1, 1, 1, 1, 1, 1, 1, 1, 1, 1, 1, 1, 1, 1, 1, 1, 1, 1, 1, 1, 1, 1, 1, 1, 1, 1, 1, 1, 1, 1, 1, 1, 1, 1, 1, 1, 1, 1, 1, 1, 1, 1, 1, 1, 1, 1, 1, 1, 1, 1, 1, 1, 1, 1, 1, 1, 1, 1, 1, 1, 1, 1, 1, 1, 1, 1, 1, 1, 1, 1, 1, 1, 1, 1, 1, 1, 1, 1, 1, 1, 1, 1, 1, 1, 1, 1, 1, 1, 1, 1, 1, 1, 1], "avgdepth": 0.3188405797101449, "maxmeandepth": 2.08001525553013, "indegree": [2, 0, 2, 12, 2, 3, 4, 0, 0, 6, 2, 8, 14, 2, 5, 2, 2, 3, 5, 3, 6, 6, 4, 2, 4, 10, 5, 5, 3, 1, 1, 4, 2, 3, 6, 6, 3, 5, 1, 2, 1, 3, 1, 1, 3, 5, 1, 1, 2, 1, 1, 0, 0, 0, 0, 1, 1, 0, 0, 1, 0, 0, 0, 0, 1, 0, 1, 0, 0, 0, 0, 0, 0, 0, 0, 0, 1, 0, 1, 0, 0, 0, 0, 0, 0, 0, 0, 1, 0, 1, 0, 1, 0, 0, 0, 0, 0, 0, 0, 0, 0, 0, 0, 0, 0, 0, 0, 0, 0, 0, 0, 0, 0, 0, 0, 0, 0, 0, 0, 0, 0, 0, 0, 0, 0, 0, 0, 0, 0, 0, 0, 0, 0, 0, 0, 0, 0, 0], "meandepth": [0.0, 0.0, 0.0, 0.0, 0.0, 0.0, 0.0, 0.0, 0.0, 0.0, 1.0657894736842104, 0.0, 0.0, 1.0476190476190477, 1.0720137299771166, 0.0, 0.0, 0.0, 0.0, 0.0, 0.0, 0.0, 0.0, 0.0, 0.0, 0.0, 0.0, 0.0, 0.0, 0.0, 0.0, 0.0, 0.0, 0.0, 0.0, 0.0, 1.440274599542334, 0.0, 1.1153846153846156, 0.0, 0.0, 0.0, 0.0, 0.0, 0.0, 1.0, 1.2222222222222223, 0.0, 0.0, 1.0625, 0.0, 0.0, 0.0, 0.0, 0.0, 0.0, 0.0, 0.0, 0.0, 0.0, 0.0, 0.0, 0.0, 1.0, 0.0, 0.0, 1.0, 0.0, 0.0, 0.0, 0.0, 0.0, 0.0, 0.0, 0.0, 0.0, 0.0, 0.0, 0.0, 0.0, 0.0, 0.0, 0.0, 1.1776315789473684, 0.0, 0.0, 0.0, 0.0, 0.0, 0.0, 1.0, 0.0, 0.0, 0.0, 0.0, 0.0, 0.0, 0.0, 0.0, 1.1200016950589033, 0.0, 1.290012209377198, 0.0, 0.0, 0.0, 0.0, 0.0, 1.0, 0.0, 0.0, 0.0, 0.0, 0.0, 0.0, 0.0, 0.0, 0.0, 1.3333333333333333, 0.0, 0.0, 0.0, 1.0, 0.0, 0.0, 0.0, 0.0, 0.0, 0.0, 0.0, 0.0, 0.0, 0.0, 0.0, 0.0, 0.0, 0.0, 0.0, 0.0], "nodesremoved": [0, 1, 2, 3, 4, 5, 6, 7, 8, 9, 10, 11, 12, 13, 14, 15, 16, 17, 18, 19, 20, 21, 22, 23, 24, 25, 26, 27, 28, 29, 30, 31, 32, 33, 34, 35, 36, 37, 38, 39, 40, 41, 42, 43, 44, 45, 46, 47, 48, 49, 50, 51, 52, 53, 54, 55, 56, 57, 58, 59, 60, 61, 62, 63, 64, 65, 66, 67, 68, 69, 70, 71, 72, 73, 74, 75, 76, 77, 78, 79, 80, 81, 82, 83, 84, 85, 86, 87, 88, 89, 90, 91, 92, 93, 94, 95, 96, 97, 98, 99, 100, 101, 102, 103, 104, 105, 106, 107, 108, 109, 110, 111, 112, 113, 114, 115, 116, 117, 118, 119, 120, 121, 122, 123, 124, 125, 126, 127, 128, 129, 130, 131, 132, 133, 134, 135, 136, 137, 138], "nodesfail": [0, 1, 2, 3, 4, 5, 6, 7, 8, 9, 10, 11, 12, 13, 14, 15, 16, 17, 18, 19, 20, 21, 22, 23, 24, 25, 26, 27, 28, 29, 30, 31, 32, 33, 34, 35, 36, 37, 38, 39, 40, 41, 42, 43, 44, 45, 46, 47, 48, 49, 50, 51, 52, 53, 54, 55, 56, 57, 58, 59, 60, 61, 62, 63, 64, 65, 66, 67, 68, 69, 70, 71, 72, 73, 74, 75, 76, 77, 78, 79, 80, 81, 82, 83, 84, 85, 86, 87, 88, 89, 90, 91, 92, 93, 94, 95, 96, 97, 98, 99, 100, 101, 102, 103, 104, 105, 106, 107, 108, 109, 110, 111, 112, 113, 114, 115, 116, 117, 118, 119, 120, 121, 122, 123, 124, 125, 126, 127, 128, 129, 130, 131, 132, 133, 134, 135, 136, 137, 138], "outdegree": [0, 0, 0, 0, 0, 0, 0, 0, 0, 0, 16, 0, 0, 21, 20, 0, 0, 0, 0, 0, 0, 0, 0, 0, 0, 0, 0, 0, 0, 0, 0, 0, 0, 0, 0, 0, 10, 0, 26, 0, 0, 0, 0, 0, 0, 18, 9, 0, 0, 16, 0, 0, 0, 0, 0, 0, 0, 0, 0, 0, 0, 0, 0, 4, 0, 0, 6, 0, 0, 0, 0, 0, 0, 0, 0, 0, 0, 0, 0, 0, 0, 0, 0, 6, 0, 0, 0, 0, 0, 0, 3, 0, 0, 0, 0, 0, 0, 0, 0, 9, 0, 11, 0, 0, 0, 0, 0, 3, 0, 0, 0, 0, 0, 0, 0, 0, 0, 3, 0, 0, 0, 5, 0, 0, 0, 0, 0, 0, 0, 0, 0, 0, 0, 0, 0, 0, 0, 0], "linkscreated": [158, 158, 158, 158, 158, 158, 158, 158, 158, 158, 158, 158, 158, 158, 158, 158, 158, 158, 158, 158, 158, 158, 158, 158, 158, 158, 158, 158, 158, 158, 158, 158, 158, 158, 158, 158, 158, 158, 158, 158, 158, 158, 158, 158, 158, 158, 158, 158, 158, 158, 158, 158, 158, 158, 158, 158, 158, 158, 158, 158, 158, 158, 158, 158, 158, 158, 158, 158, 158, 158, 158, 158, 158, 158, 158, 158, 158, 158, 158, 158, 158, 158, 158, 158, 158, 158, 158, 158, 158, 158, 158, 158, 158, 158, 158, 158, 158, 158, 158, 158, 158, 158, 158, 158, 158, 158, 158, 158, 158, 158, 158, 158, 158, 158, 158, 158, 158, 158, 158, 158, 158, 158, 158, 158, 158, 158, 158, 158, 158, 158, 158, 158, 158, 158, 158, 158, 158, 158, 158], "maxoutdegree": 26, "snapshot": {"0": [true, [], [10, 99], [], {}], "1": [true, [], [], [], {}], "2": [true, [], [14, 38], [], {}], "3": [true, [], [10, 45, 38, 46, 36, 49, 63, 66, 83, 90, 107, 121], [], {}], "4": [true, [], [14, 83], [], {}], "5": [true, [], [13, 38, 49], [], {}], "6": [true, [], [45, 46, 36, 121], [], {}], "7": [true, [], [], [], {}], "8": [true, [], [], [], {}], "9": [true, [], [14, 13, 10, 36, 66, 49], [], {}], "10": [true, [3, 11, 12, 13, 26, 18, 19, 21, 33, 32, 34, 25, 35, 9, 0, 31], [36, 83], [[3, 11, 12], [13, 26, 18, 19, 21, 33, 32, 34, 25, 35, 9, 0, 31]], {"32": [1, 6], "33": [1, 5], "34": [1, 7], "3": [0, 0], "19": [1, 3], "9": [1, 10], "11": [0, 1], "12": [0, 2], "13": [1, 0], "18": [1, 2], "35": [1, 9], "21": [1, 4], "25": [1, 8], "26": [1, 1], "0": [1, 11], "31": [1, 12]}], "11": [true, [], [10, 45, 46, 36, 66, 99, 101, 117], [], {}], "12": [true, [], [10, 45, 38, 46, 36, 49, 63, 66, 83, 90, 107, 117, 14, 121], [], {}], "13": [true, [14, 9, 26, 15, 16, 17, 18, 27, 28, 29, 21, 30, 31, 22, 23, 24, 25, 32, 20, 33, 5], [10, 101], [[14, 9, 26, 15, 16, 17, 18, 27, 28, 29, 21, 30, 31, 22, 23, 24, 25, 32, 20, 33, 5]], {"32": [0, 17], "33": [0, 19], "5": [0, 20], "9": [0, 1], "14": [0, 0], "15": [0, 3], "16": [0, 4], "17": [0, 5], "18": [0, 6], "20": [0, 18], "21": [0, 10], "22": [0, 13], "23": [0, 14], "24": [0, 15], "25": [0, 16], "26": [0, 2], "27": [0, 7], "28": [0, 8], "29": [0, 9], "30": [0, 11], "31": [0, 12]}], "14": [true, [9, 15, 16, 17, 18, 19, 20, 21, 22, 23, 24, 25, 31, 4, 2, 36, 41, 37, 12, 76], [13, 38, 46, 99, 101], [[9, 15, 16, 17, 18, 19, 20, 21, 22, 23, 24, 25, 31, 4, 2, 36, 41, 37, 12, 76]], {"2": [0, 14], "4": [0, 13], "37": [0, 17], "9": [0, 0], "23": [0, 9], "12": [0, 18], "15": [0, 1], "16": [0, 2], "17": [0, 3], "18": [0, 4], "19": [0, 5], "20": [0, 6], "21": [0, 7], "22": [0, 8], "41": [0, 16], "24": [0, 10], "25": [0, 11], "31": [0, 12], "76": [0, 19], "36": [0, 15]}], "15": [true, [], [14, 13], [], {}], "16": [true, [], [14, 13], [], {}], "17": [true, [], [14, 13, 49], [], {}], "18": [true, [], [14, 13, 10, 46, 45], [], {}], "19": [true, [], [14, 10, 38], [], {}], "20": [true, [], [14, 13, 45, 38, 63, 99], [], {}], "21": [true, [], [14, 13, 10, 38, 49, 45], [], {}], "22": [true, [], [14, 13, 38, 49], [], {}], "23": [true, [], [14, 13], [], {}], "24": [true, [], [14, 13, 38, 101], [], {}], "25": [true, [], [14, 13, 10, 45, 49, 66, 38, 83, 101, 107], [], {}], "26": [true, [], [13, 10, 38, 45, 121], [], {}], "27": [true, [], [13, 45, 38, 46, 99], [], {}], "28": [true, [], [13, 45, 49], [], {}], "29": [true, [], [13], [], {}], "30": [true, [], [13], [], {}], "31": [true, [], [13, 10, 14, 38], [], {}], "32": [true, [], [13, 10], [], {}], "33": [true, [], [10, 13, 49], [], {}], "34": [true, [], [10, 45, 38, 49, 83, 101], [], {}], "35": [true, [], [10, 45, 38, 49, 66, 101], [], {}],