{"depth": [0, 0, 0, 0, 0, 0, 0, 0, 0, 0, 3, 0, 0, 2, 4, 0, 0, 0, 0, 0, 0, 0, 0, 0, 0, 0, 0, 0, 0, 0, 0, 0, 0, 0, 0, 0, 4, 0, 2, 0, 0, 0, 0, 0, 0, 3, 2, 0, 0, 3, 0, 0, 0, 0, 0, 0, 0, 0, 0, 0, 0, 0, 0, 1, 0, 0, 1, 0, 0, 0, 0, 0, 0, 0, 0, 0, 0, 0, 0, 0, 0, 0, 0, 1, 0, 0, 0, 0, 0, 0, 1, 0, 0, 0, 0, 0, 0, 0, 0, 5, 0, 4, 0, 0, 0, 0, 0, 1, 0, 0, 0, 0, 0, 0, 0, 0, 0, 1, 0, 0, 0, 1, 0, 0, 0, 0, 0, 0, 0, 0, 0, 0, 0, 0, 0, 0, 0, 0], "linksfail": [0, 0, 0, 0, 0, 0, 0, 0, 4, 4, 4, 4, 4, 4, 4, 4, 4, 4, 4, 4, 4, 4, 17, 17, 17, 19, 19, 21, 21, 21, 21, 21, 21, 26, 26, 26, 26, 26, 26, 26, 26, 26, 26, 26, 27, 36, 36, 36, 36, 37, 37, 37, 37, 37, 37, 37, 37, 37, 37, 37, 37, 37, 37, 37, 37, 37, 37, 37, 37, 37, 38, 38, 40, 40, 40, 40, 40, 40, 40, 40, 40, 40, 40, 40, 40, 40, 40, 40, 40, 40, 40, 40, 40, 40, 40, 40, 40, 40, 40, 40, 40, 40, 42, 42, 42, 42, 50, 50, 61, 61, 61, 68, 68, 68, 68, 68, 68, 68, 74, 74, 74, 74, 74, 74, 74, 74, 74, 74, 74, 79, 79, 79, 79, 79, 79, 79, 79], "mandfail": [0, 0, 0, 0, 0, 0, 0, 0, 0, 0, 0, 0, 0, 0, 0, 0, 0, 0, 0, 0, 0, 0, 0, 0, 0, 0, 0, 0, 0, 0, 0, 0, 0, 0, 0, 0, 0, 0, 0, 0, 0, 0, 0, 0, 1, 1, 1, 1, 1, 1, 1, 1, 3, 3, 3, 3, 3, 3, 3, 3, 3, 3, 3, 3, 3, 3, 3, 3, 3, 3, 3, 3, 3, 3, 3, 3, 3, 3, 3, 3, 3, 3, 3, 3, 3, 3, 3, 3, 3, 3, 3, 3, 3, 3, 3, 3, 3, 3, 3, 3, 3, 3, 3, 3, 3, 3, 3, 3, 3, 3, 3, 3, 3, 3, 3, 3, 3, 3, 3, 3, 3, 3, 3, 3, 3, 3, 3, 3, 3, 3, 3, 3, 3, 3, 3, 3, 3], "avgdepth": 0.2826086956521739, "maxmeandepth": 2.0879120879120876, "indegree": [3, 0, 0, 13, 0, 3, 7, 2, 3, 4, 3, 7, 13, 2, 3, 2, 2, 4, 5, 5, 2, 5, 4, 4, 3, 2, 4, 1, 1, 2, 2, 3, 5, 2, 5, 5, 0, 1, 1, 1, 1, 1, 1, 1, 2, 3, 2, 0, 0, 1, 0, 0, 0, 0, 0, 0, 0, 0, 1, 0, 0, 0, 0, 0, 1, 0, 0, 1, 0, 0, 0, 0, 0, 0, 1, 0, 0, 0, 1, 0, 0, 0, 0, 0, 0, 0, 0, 0, 0, 0, 0, 1, 0, 0, 0, 0, 0, 0, 0, 0, 1, 0, 0, 0, 0, 0, 0, 0, 0, 0, 0, 0, 0, 0, 0, 0, 0, 0, 0, 0, 0, 0, 0, 0, 0, 0, 0, 0, 0, 0, 0, 0, 0, 0, 0, 0, 0, 0], "meandepth": [0.0, 0.0, 0.0, 0.0, 0.0, 0.0, 0.0, 0.0, 0.0, 0.0, 1.0656250000000003, 0.0, 0.0, 1.0476190476190477, 1.0592013888888892, 0.0, 0.0, 0.0, 0.0, 0.0, 0.0, 0.0, 0.0, 0.0, 0.0, 0.0, 0.0, 0.0, 0.0, 0.0, 0.0, 0.0, 0.0, 0.0, 0.0, 0.0, 1.4426391045548654, 0.0, 1.08, 0.0, 0.0, 0.0, 0.0, 0.0, 0.0, 1.0952380952380951, 1.1428571428571428, 0.0, 0.0, 1.0879120879120878, 0.0, 0.0, 0.0, 0.0, 0.0, 0.0, 0.0, 0.0, 0.0, 0.0, 0.0, 0.0, 0.0, 1.0, 0.0, 0.0, 1.0, 0.0, 0.0, 0.0, 0.0, 0.0, 0.0, 0.0, 0.0, 0.0, 0.0, 0.0, 0.0, 0.0, 0.0, 0.0, 0.0, 1.0, 0.0, 0.0, 0.0, 0.0, 0.0, 0.0, 1.0, 0.0, 0.0, 0.0, 0.0, 0.0, 0.0, 0.0, 0.0, 1.2128308823529412, 0.0, 1.3626373626373625, 0.0, 0.0, 0.0, 0.0, 0.0, 1.0, 0.0, 0.0, 0.0, 0.0, 0.0, 0.0, 0.0, 0.0, 0.0, 1.0, 0.0, 0.0, 0.0, 1.0, 0.0, 0.0, 0.0, 0.0, 0.0, 0.0, 0.0, 0.0, 0.0, 0.0, 0.0, 0.0, 0.0, 0.0, 0.0, 0.0], "nodesremoved": [0, 1, 2, 3, 4, 5, 6, 7, 8, 9, 10, 11, 12, 13, 14, 15, 16, 17, 18, 19, 20, 21, 22, 23, 24, 25, 26, 27, 28, 29, 30, 31, 32, 33, 34, 35, 36, 37, 38, 39, 40, 41, 42, 43, 44, 45, 46, 47, 48, 49, 50, 51, 52, 53, 54, 55, 56, 57, 58, 59, 60, 61, 62, 63, 64, 65, 66, 67, 68, 69, 70, 71, 72, 73, 74, 75, 76, 77, 78, 79, 80, 81, 82, 83, 84, 85, 86, 87, 88, 89, 90, 91, 92, 93, 94, 95, 96, 97, 98, 99, 100, 101, 102, 103, 104, 105, 106, 107, 108, 109, 110, 111, 112, 113, 114, 115, 116, 117, 118, 119, 120, 121, 122, 123, 124, 125, 126, 127, 128, 129, 130, 131, 132, 133, 134, 135, 136], "nodesfail": [0, 1, 2, 3, 4, 5, 6, 7, 8, 9, 10, 11, 12, 13, 14, 15, 16, 17, 18, 19, 20, 21, 22, 23, 24, 25, 26, 27, 28, 29, 30, 31, 32, 33, 34, 35, 36, 37, 38, 39, 40, 41, 42, 43, 45, 46, 47, 48, 49, 50, 51, 52, 54, 55, 56, 57, 58, 59, 60, 61, 62, 63, 64, 65, 66, 67, 68, 69, 70, 71, 72, 73, 74, 75, 76, 77, 78, 79, 80, 81, 82, 83, 84, 85, 86, 87, 88, 89, 90, 91, 92, 93, 94, 95, 96, 97, 98, 99, 100, 101, 102, 103, 104, 105, 106, 107, 108, 109, 110, 111, 112, 113, 114, 115, 116, 117, 118, 119, 120, 121, 122, 123, 124, 125, 126, 127, 128, 129, 130, 131, 132, 133, 134, 135, 136, 137, 138], "outdegree": [0, 0, 0, 0, 0, 0, 0, 0, 0, 0, 16, 0, 0, 21, 18, 0, 0, 0, 0, 0, 0, 0, 0, 0, 0, 0, 0, 0, 0, 0, 0, 0, 0, 0, 0, 0, 10, 0, 25, 0, 0, 0, 0, 0, 0, 11, 7, 0, 0, 13, 0, 0, 0, 0, 0, 0, 0, 0, 0, 0, 0, 0, 0, 3, 0, 0, 3, 0, 0, 0, 0, 0, 0, 0, 0, 0, 0, 0, 0, 0, 0, 0, 0, 3, 0, 0, 0, 0, 0, 0, 3, 0, 0, 0, 0, 0, 0, 0, 0, 10, 0, 3, 0, 0, 0, 0, 0, 2, 0, 0, 0, 0, 0, 0, 0, 0, 0, 2, 0, 0, 0, 3, 0, 0, 0, 0, 0, 0, 0, 0, 0, 0, 0, 0, 0, 0, 0, 0], "linkscreated": [123, 123, 123, 123, 123, 123, 123, 123, 123, 123, 123, 123, 123, 123, 123, 123, 123, 123, 123, 123, 123, 123, 123, 123, 123, 123, 123, 123, 123, 123, 123, 123, 123, 123, 123, 123, 123, 123, 123, 123, 123, 123, 123, 123, 123, 123, 123, 123, 123, 123, 123, 123, 123, 123, 123, 123, 123, 123, 123, 123, 123, 123, 123, 123, 123, 123, 123, 123, 123, 123, 123, 123, 123, 123, 123, 123, 123, 123, 123, 123, 123, 123, 123, 123, 123, 123, 123, 123, 123, 123, 123, 123, 123, 123, 123, 123, 123, 123, 123, 123, 123, 123, 123, 123, 123, 123, 123, 123, 123, 123, 123, 123, 123, 123, 123, 123, 123, 123, 123, 123, 123, 123, 123, 123, 123, 123, 123, 123, 123, 123, 123, 123, 123, 123, 123, 123, 123], "maxoutdegree": 25, "snapshot": {"0": [true, [], [14, 38, 99], [], {}], "1": [true, [], [], [], {}], "2": [true, [], [], [], {}], "3": [true, [], [10, 45, 38, 46, 36, 49, 63, 66, 83, 90, 99, 107, 121], [], {}], "4": [true, [], [], [], {}], "5": [true, [], [13, 38, 49], [], {}], "6": [true, [], [13, 10, 45, 38, 46, 36, 99], [], {}], "7": [true, [], [38, 121], [], {}], "8": [true, [], [10, 45, 99], [], {}], "9": [true, [], [14, 13, 49, 63], [], {}], "10": [true, [3, 11, 12, 30, 13, 26, 18, 19, 21, 33, 32, 34, 35, 17, 6, 8], [36, 14, 99], [[3, 11, 12, 30, 17], [13, 26, 18, 19, 21, 33, 32, 6, 8], [34, 35]], {"32": [1, 6], "33": [1, 5], "34": [2, 0], "3": [0, 0], "6": [1, 7], "8": [1, 8], "11": [0, 1], "12": [0, 2], "13": [1, 0], "17": [0, 4], "18": [1, 2], "35": [2, 1], "21": [1, 4], "26": [1, 1], "30": [0, 3], "19": [1, 3]}], "11": [true, [], [10, 45, 46, 36, 66, 14, 99], [], {}], "12": [true, [], [10, 45, 38, 46, 36, 49, 63, 66, 83, 90, 107, 117, 121], [], {}], "13": [true, [14, 9, 26, 15, 16, 17, 18, 27, 28, 29, 21, 30, 31, 22, 23, 24, 25, 32, 5, 19, 6], [10, 45], [[14, 9, 26, 15, 16, 17, 18, 27, 28, 29, 21, 30, 31, 22, 23, 24, 25, 32, 5, 19, 6]], {"32": [0, 17], "5": [0, 18], "6": [0, 20], "9": [0, 1], "14": [0, 0], "15": [0, 3], "16": [0, 4], "17": [0, 5], "18": [0, 6], "19": [0, 19], "21": [0, 10], "22": [0, 13], "23": [0, 14], "24": [0, 15], "25": [0, 16], "26": [0, 2], "27": [0, 7], "28": [0, 8], "29": [0, 9], "30": [0, 11], "31": [0, 12]}], "14": [true, [9, 15, 16, 17, 18, 19, 20, 21, 22, 23, 24, 25, 0, 10, 32, 11, 33, 31], [13, 38, 99], [[9, 15, 16, 17, 18, 19, 20, 21, 22, 23, 24, 25, 0, 10, 32, 11, 33, 31]], {"0": [0, 12], "32": [0, 14], "33": [0, 16], "9": [0, 0], "10": [0, 13], "11": [0, 15], "15": [0, 1], "16": [0, 2], "17": [0, 3], "18": [0, 4], "19": [0, 5], "20": [0, 6], "21": [0, 7], "22": [0, 8], "23": [0, 9], "24": [0, 10], "25": [0, 11], "31": [0, 17]}], "15": [true, [], [14, 13], [], {}], "16": [true, [], [14, 13], [], {}], "17": [true, [], [14, 13, 10, 90], [], {}], "18": [true, [], [14, 13, 10, 46, 99], [], {}], "19": [true, [], [14, 13, 10, 38, 45], [], {}], "20": [true, [], [14, 38], [], {}], "21": [true, [], [14, 13, 10, 38, 49], [], {}], "22": [true, [], [14, 13, 38, 49], [], {}], "23": [true, [], [14, 13, 38, 49], [], {}], "24": [true, [], [14, 13, 38], [], {}], "25": [true, [], [14, 13], [], {}], "26": [true, [], [13, 10, 38, 49], [], {}], "27": [true, [], [13], [], {}], "28": [true, [], [13], [], {}], "29": [true, [], [13, 49], [], {}], "30": [true, [], [13, 10], [], {}], "31": [true, [], [13, 38, 14], [], {}], "32": [true, [], [13, 10, 45, 36, 14], [], {}], "33": [true, [], [10, 14], [], {}], "34": [true, [], [10, 45, 38, 49, 83], [], {}], "35": [true, [], [10, 45, 38, 49, 101], [], {}], "36": [true, [3, 11, 12, 37, 10, 38, 46, 45, 6, 32], [], [[3, 11, 12, 37, 10, 38, 46, 45, 6, 32]], {"32": [0, 9], "3": [0, 0], "37": [0, 3], "38": [0, 5], "10": [0, 4],