{"maxindegree": 4, "avgdepth": 1.05, "nodesfail": [0, 1, 2, 5, 7, 8, 9, 10, 14, 15, 16, 17, 18, 19, 20], "linkscreated": [17, 17, 17, 17, 17, 17, 17, 17, 17, 17, 17, 17, 17, 17, 17], "maxoutdegree": 5, "maxmeandepth": 2.35, "outdegree": [3, 5, 2, 4, 2, 3, 0, 0, 0, 4, 0, 0, 0, 1, 0, 0, 4, 2, 0, 3], "altfail": [0, 2, 8, 11, 14, 15, 15, 15, 17, 17, 17, 17, 17, 17, 17], "mandcreated": [16, 16, 16, 16, 16, 16, 16, 16, 16, 16, 16, 16, 16, 16, 16], "outdegfail": [0, 2, 3, 0, 4, 0, 0, 1, 0, 0, 0, 1, 0, 0, 0], "mandfail": [0, 1, 2, 6, 9, 9, 9, 10, 15, 15, 15, 16, 16, 16, 16], "meandepth": [1.0, 1.2, 1.0, 1.0, 1.0, 1.6666666666666667, 0.0, 0.0, 0.0, 1.9166666666666667, 0.0, 0.0, 0.0, 1.0, 0.0, 0.0, 1.5, 2.35, 0.0, 1.7833333333333332], "altcreated": [17, 17, 17, 17, 17, 17, 17, 17, 17, 17, 17, 17, 17, 17, 17], "nodescreated": [20, 20, 20, 20, 20, 20, 20, 20, 20, 20, 20, 20, 20, 20, 20], "linksfail": [0, 2, 8, 11, 14, 15, 15, 15, 17, 17, 17, 17, 17, 17, 17], "indegree": [4, 1, 1, 1, 1, 2, 3, 1, 1, 2, 1, 1, 0, 3, 1, 4, 2, 2, 1, 1], "indegfail": [0, 1, 4, 2, 1, 1, 0, 0, 3, 0, 0, 0, 0, 0, 0], "nodesremoved": [0, 1, 2, 3, 4, 5, 6, 7, 8, 9, 10, 11, 12, 13, 14], "depth": [1, 2, 1, 1, 1, 2, 0, 0, 0, 3, 0, 0, 0, 1, 0, 0, 2, 3, 0, 4], "snapshot": {"0": [true, [16, 13, 19], [1, 5, 9, 16], [[16, 13, 19]], {"16": [0, 0], "19": [0, 2], "13": [0, 1]}], "1": [true, [15, 13, 0, 11, 17], [17], [[15, 13], [0, 11, 17]], {"0": [1, 0], "17": [1, 2], "11": [1, 1], "13": [0, 1], "15": [0, 0]}], "2": [true, [6, 9], [9], [[6, 9]], {"9": [0, 1], "6": [0, 0]}], "3": [true, [9, 6, 15, 5], [5], [[9, 6, 15]], {"9": [0, 0], "6": [0, 1], "15": [0, 2]}], "4": [true, [6, 13], [16], [], {}], "5": [true, [18, 0, 3], [3, 9], [[18, 0, 3]], {"0": [0, 1], "18": [0, 0], "3": [0, 2]}], "6": [true, [], [2, 3, 4], [], {}], "7": [true, [], [19], [], {}], "8": [true, [], [16], [], {}], "9": [true, [0, 15, 2, 5], [2, 3], [[0, 15, 2]], {"0": [0, 0], "2": [0, 2], "15": [0, 1]}], "10": [true, [], [16], [], {}], "11": [true, [], [1], [], {}], "12": [true, [], [], [], {}], "13": [true, [15], [0, 1, 4], [], {}], "14": [true, [], [19], [], {}], "15": [true, [], [1, 3, 9, 13], [], {}], "16": [true, [8, 10, 0, 4], [0, 17], [[8, 10, 0]], {"8": [0, 0], "0": [0, 2], "10": [0, 1]}], "17": [true, [1, 16], [1, 19], [[1, 16]], {"16": [0, 1], "1": [0, 0]}], "18": [true, [], [5], [], {}], "19": [true, [7, 17, 14], [0], [[7, 17, 14]], {"17": [0, 1], "14": [0, 2], "7": [0, 0]}]}, "maxdepth": 4, "avgmeandepth": 0.7708333333333333}