{"depth": [0, 0, 0, 0, 0, 0, 0, 0, 0, 0, 1, 1, 1, 1, 0, 0, 1, 0, 2, 2], "linksfail": [0, 0, 0, 0, 0, 0, 0, 0, 0, 0, 1, 1, 2, 2, 3, 3, 4, 4, 4, 7, 8, 8, 8, 8, 8, 8, 8, 8, 9], "mandfail": [0, 0, 0, 0, 0, 0, 0, 0, 0, 0, 1, 1, 2, 2, 2, 2, 2, 2, 2, 2, 3, 3, 3, 3, 3, 3, 3, 3, 3], "avgdepth": 0.45, "maxmeandepth": 1.5, "indegree": [0, 1, 2, 1, 2, 3, 2, 3, 1, 1, 1, 0, 1, 0, 1, 1, 0, 1, 0, 0], "meandepth": [0.0, 0.0, 0.0, 0.0, 0.0, 0.0, 0.0, 0.0, 0.0, 0.0, 1.0, 1.0, 1.0, 1.0, 0.0, 0.0, 1.0, 0.0, 1.3333333333333333, 1.2], "nodesremoved": [0, 0, 0, 0, 0, 0, 0, 0, 0, 0, 1, 2, 3, 4, 5, 6, 7, 8, 9, 10, 11, 12, 13, 14, 15, 16, 17, 18, 19], "nodesfail": [0, 0, 0, 0, 0, 0, 0, 0, 0, 0, 1, 2, 3, 4, 5, 6, 7, 8, 9, 10, 12, 13, 14, 15, 16, 17, 18, 19, 20], "outdegree": [0, 0, 0, 0, 0, 0, 0, 0, 0, 0, 3, 2, 2, 2, 0, 0, 4, 0, 3, 5], "linkscreated": [1, 2, 3, 4, 4, 4, 6, 6, 7, 10, 10, 10, 10, 10, 10, 10, 10, 10, 10, 10, 10, 10, 10, 10, 10, 10, 10, 10, 10], "maxoutdegree": 5, "snapshot": [{"0": [true, [], [], [], {}], "1": [true, [], [19], [], {}], "2": [true, [], [11, 12], [], {}], "3": [true, [], [12], [], {}], "4": [true, [], [10, 18], [], {}], "5": [true, [], [10, 11, 16], [], {}], "6": [true, [], [13, 16], [], {}], "7": [true, [], [10, 16, 19], [], {}], "8": [true, [], [19], [], {}], "9": [true, [], [13], [], {}], "10": [true, [7, 5, 4], [19], [[7, 5]], {"5": [0, 1], "7": [0, 0]}], "11": [true, [5, 2], [], [[5, 2]], {"2": [0, 1], "5": [0, 0]}], "12": [true, [3, 2], [18], [[3, 2]], {"2": [0, 1], "3": [0, 0]}], "13": [true, [6, 9], [], [[6, 9]], {"9": [0, 1], "6": [0, 0]}], "14": [true, [], [18], [], {}], "15": [true, [], [16], [], {}], "16": [true, [7, 5, 15, 6], [], [[5, 15, 6]], {"5": [0, 0], "6": [0, 2], "15": [0, 1]}], "17": [true, [], [19], [], {}], "18": [true, [14, 4, 12], [], [[14, 4]], {"4": [0, 1], "14": [0, 0]}], "19": [true, [17, 10, 1, 7, 8], [], [[17, 10], [1, 7, 8]], {"8": [1, 2], "17": [0, 0], "10": [0, 1], "1": [1, 0], "7": [1, 1]}]}], "altcreated": [1, 2, 3, 4, 4, 4, 6, 6, 7, 10, 10, 10, 10, 10, 10, 10, 10, 10, 10, 10, 10, 10, 10, 10, 10, 10, 10, 10, 10], "avgmeandepth": 0.37666666666666665, "maxindegree": 3, "altfail": [0, 0, 0, 0, 0, 0, 0, 0, 0, 0, 1, 1, 2, 2, 3, 3, 4, 4, 4, 7, 8, 8, 8, 8, 8, 8, 8, 8, 9], "mandcreated": [2, 3, 4, 5, 5, 5, 7, 7, 9, 11, 11, 11, 11, 11, 11, 11, 11, 11, 11, 11, 11, 11, 11, 11, 11, 11, 11, 11, 11], "nodescreated": [11, 12, 13, 14, 15, 16, 17, 18, 19, 20, 20, 20, 20, 20, 20, 20, 20, 20, 20, 20, 20, 20, 20, 20, 20, 20, 20, 20, 20], "maxdepth": 2}